01.01.2019;H
02.01.2019;H
03.01.2019;H
04.01.2019;H
05.01.2019;H
06.01.2019;H
07.01.2019;H
08.01.2019;H
09.01.2019;W
10.01.2019;W
11.01.2019;W
12.01.2019;H
13.01.2019;H
14.01.2019;W
15.01.2019;W
16.01.2019;W
17.01.2019;W
18.01.2019;W
19.01.2019;H
20.01.2019;H
21.01.2019;W
22.01.2019;W
23.01.2019;W
24.01.2019;W
25.01.2019;W
26.01.2019;H
27.01.2019;H
28.01.2019;W
29.01.2019;W
30.01.2019;W
31.01.2019;W
01.02.2019;W
02.02.2019;H
03.02.2019;H
04.02.2019;W
05.02.2019;W
06.02.2019;W
07.02.2019;W
08.02.2019;W
09.02.2019;H
10.02.2019;H
11.02.2019;W
12.02.2019;W
13.02.2019;W
14.02.2019;W
15.02.2019;W
16.02.2019;H
17.02.2019;H
18.02.2019;W
19.02.2019;W
20.02.2019;W
21.02.2019;W
22.02.2019;S
23.02.2019;H
24.02.2019;H
25.02.2019;W
26.02.2019;W
27.02.2019;W
28.02.2019;W
01.03.2019;W
02.03.2019;H
03.03.2019;H
04.03.2019;W
05.03.2019;W
06.03.2019;W
07.03.2019;S
08.03.2019;H
09.03.2019;H
10.03.2019;H
11.03.2019;W
12.03.2019;W
13.03.2019;W
14.03.2019;W
15.03.2019;W
16.03.2019;H
17.03.2019;H
18.03.2019;W
19.03.2019;W
20.03.2019;W
21.03.2019;W
22.03.2019;W
23.03.2019;H
24.03.2019;H
25.03.2019;W
26.03.2019;W
27.03.2019;W
28.03.2019;W
29.03.2019;W
30.03.2019;H
31.03.2019;H
01.04.2019;W
02.04.2019;W
03.04.2019;W
04.04.2019;W
05.04.2019;W
06.04.2019;H
07.04.2019;H
08.04.2019;W
09.04.2019;W
10.04.2019;W
11.04.2019;W
12.04.2019;W
13.04.2019;H
14.04.2019;H
15.04.2019;W
16.04.2019;W
17.04.2019;W
18.04.2019;W
19.04.2019;W
20.04.2019;H
21.04.2019;H
22.04.2019;W
23.04.2019;W
24.04.2019;W
25.04.2019;W
26.04.2019;W
27.04.2019;H
28.04.2019;H
29.04.2019;W
30.04.2019;S
01.05.2019;H
02.05.2019;H
03.05.2019;H
04.05.2019;H
05.05.2019;H
06.05.2019;W
07.05.2019;W
08.05.2019;S
09.05.2019;H
10.05.2019;H
11.05.2019;H
12.05.2019;H
13.05.2019;W
14.05.2019;W
15.05.2019;W
16.05.2019;W
17.05.2019;W
18.05.2019;H
19.05.2019;H
20.05.2019;W
21.05.2019;W
22.05.2019;W
23.05.2019;W
24.05.2019;W
25.05.2019;H
26.05.2019;H
27.05.2019;W
28.05.2019;W
29.05.2019;W
30.05.2019;W
31.05.2019;W
01.06.2019;H
02.06.2019;H
03.06.2019;W
04.06.2019;W
05.06.2019;W
06.06.2019;W
07.06.2019;W
08.06.2019;H
09.06.2019;H
10.06.2019;W
11.06.2019;S
12.06.2019;H
13.06.2019;W
14.06.2019;W
15.06.2019;H
16.06.2019;H
17.06.2019;W
18.06.2019;W
19.06.2019;W
20.06.2019;W
21.06.2019;W
22.06.2019;H
23.06.2019;H
24.06.2019;W
25.06.2019;W
26.06.2019;W
27.06.2019;W
28.06.2019;W
29.06.2019;H
30.06.2019;H
01.07.2019;W
02.07.2019;W
03.07.2019;W
04.07.2019;W
05.07.2019;W
06.07.2019;H
07.07.2019;H
08.07.2019;W
09.07.2019;W
10.07.2019;W
11.07.2019;W
12.07.2019;W
13.07.2019;H
14.07.2019;H
15.07.2019;W
16.07.2019;W
17.07.2019;W
18.07.2019;W
19.07.2019;W
20.07.2019;H
21.07.2019;H
22.07.2019;W
23.07.2019;W
24.07.2019;W
25.07.2019;W
26.07.2019;W
27.07.2019;H
28.07.2019;H
29.07.2019;W
30.07.2019;W
31.07.2019;W
01.08.2019;W
02.08.2019;W
03.08.2019;H
04.08.2019;H
05.08.2019;W
06.08.2019;W
07.08.2019;W
08.08.2019;W
09.08.2019;W
10.08.2019;H
11.08.2019;H
12.08.2019;W
13.08.2019;W
14.08.2019;W
15.08.2019;W
16.08.2019;W
17.08.2019;H
18.08.2019;H
19.08.2019;W
20.08.2019;W
21.08.2019;W
22.08.2019;W
23.08.2019;W
24.08.2019;H
25.08.2019;H
26.08.2019;W
27.08.2019;W
28.08.2019;W
29.08.2019;W
30.08.2019;W
31.08.2019;H
01.09.2019;H
02.09.2019;W
03.09.2019;W
04.09.2019;W
05.09.2019;W
06.09.2019;W
07.09.2019;H
08.09.2019;H
09.09.2019;W
10.09.2019;W
11.09.2019;W
12.09.2019;W
13.09.2019;W
14.09.2019;H
15.09.2019;H
16.09.2019;W
17.09.2019;W
18.09.2019;W
19.09.2019;W
20.09.2019;W
21.09.2019;H
22.09.2019;H
23.09.2019;W
24.09.2019;W
25.09.2019;W
26.09.2019;W
27.09.2019;W
28.09.2019;H
29.09.2019;H
30.09.2019;W
01.10.2019;W
02.10.2019;W
03.10.2019;W
04.10.2019;W
05.10.2019;H
06.10.2019;H
07.10.2019;W
08.10.2019;W
09.10.2019;W
10.10.2019;W
11.10.2019;W
12.10.2019;H
13.10.2019;H
14.10.2019;W
15.10.2019;W
16.10.2019;W
17.10.2019;W
18.10.2019;W
19.10.2019;H
20.10.2019;H
21.10.2019;W
22.10.2019;W
23.10.2019;W
24.10.2019;W
25.10.2019;W
26.10.2019;H
27.10.2019;H
28.10.2019;W
29.10.2019;W
30.10.2019;W
31.10.2019;W
01.11.2019;W
02.11.2019;H
03.11.2019;H
04.11.2019;H
05.11.2019;W
06.11.2019;W
07.11.2019;W
08.11.2019;W
09.11.2019;H
10.11.2019;H
11.11.2019;W
12.11.2019;W
13.11.2019;W
14.11.2019;W
15.11.2019;W
16.11.2019;H
17.11.2019;H
18.11.2019;W
19.11.2019;W
20.11.2019;W
21.11.2019;W
22.11.2019;W
23.11.2019;H
24.11.2019;H
25.11.2019;W
26.11.2019;W
27.11.2019;W
28.11.2019;W
29.11.2019;W
30.11.2019;H
01.12.2019;H
02.12.2019;W
03.12.2019;W
04.12.2019;W
05.12.2019;W
06.12.2019;W
07.12.2019;H
08.12.2019;H
09.12.2019;W
10.12.2019;W
11.12.2019;W
12.12.2019;W
13.12.2019;W
14.12.2019;H
15.12.2019;H
16.12.2019;W
17.12.2019;W
18.12.2019;W
19.12.2019;W
20.12.2019;W
21.12.2019;H
22.12.2019;H
23.12.2019;W
24.12.2019;W
25.12.2019;W
26.12.2019;W
27.12.2019;W
28.12.2019;H
29.12.2019;H
30.12.2019;W
31.12.2019;S