,datetime,predict2,Depart,1y0
53415,2018-05-01 07:00:00,3.2890134,12,2.0
53416,2018-05-01 07:30:00,5.667755,12,1.0
53417,2018-05-01 08:00:00,9.264215,12,-1.0
53418,2018-05-01 08:30:00,9.551024,12,3.0
53419,2018-05-01 09:00:00,12.395825,12,11.0
53420,2018-05-01 09:30:00,14.731935,12,9.0
53421,2018-05-01 10:00:00,25.276358,12,7.0
53422,2018-05-01 10:30:00,29.04159,12,14.0
53423,2018-05-01 11:00:00,34.29506,12,15.0
53424,2018-05-01 11:30:00,37.32872,12,20.0
53425,2018-05-01 12:00:00,42.163284,12,11.0
53426,2018-05-01 12:30:00,45.08369,12,23.0
53427,2018-05-01 13:00:00,45.762657,12,19.0
53428,2018-05-01 13:30:00,47.262657,12,29.0
53429,2018-05-01 14:00:00,46.181305,12,24.0
53430,2018-05-01 14:30:00,45.881306,12,22.0
53431,2018-05-01 15:00:00,45.881306,12,22.0
53432,2018-05-01 15:30:00,45.581306,12,20.0
53433,2018-05-01 16:00:00,40.70782,12,16.0
53434,2018-05-01 16:30:00,40.14471,12,16.0
53435,2018-05-01 17:00:00,37.287357,12,21.0
53436,2018-05-01 17:30:00,36.424244,12,19.0
53437,2018-05-01 18:00:00,32.06626,12,18.0
53438,2018-05-01 18:30:00,31.07868,12,16.0
53439,2018-05-01 19:00:00,29.511446,12,27.0
53440,2018-05-01 19:30:00,27.473871,12,18.0
53441,2018-05-01 20:00:00,25.430075,12,14.0
53442,2018-05-01 20:30:00,26.242498,12,24.0
53443,2018-05-01 21:00:00,23.785404,12,19.0
53444,2018-05-01 21:30:00,22.002846,12,14.0
53445,2018-05-01 22:00:00,17.50077,12,11.0
53446,2018-05-01 22:30:00,15.947064,12,12.0
53447,2018-05-01 23:00:00,12.24241,12,8.0
53448,2018-05-01 23:30:00,9.833678,12,4.0
53449,2018-05-02 00:00:00,3.864702,12,-1.0
53450,2018-05-02 07:00:00,4.0758753,12,-1.0
53451,2018-05-02 07:30:00,6.9404736,12,2.0
53452,2018-05-02 08:00:00,9.693627,12,10.0
53453,2018-05-02 08:30:00,10.878987,12,8.0
53454,2018-05-02 09:00:00,12.610855,12,11.0
53455,2018-05-02 09:30:00,16.366024,12,18.0
53456,2018-05-02 10:00:00,28.797752,12,-1.0
53457,2018-05-02 10:30:00,30.675682,12,23.0
53458,2018-05-02 11:00:00,35.200157,12,14.0
53459,2018-05-02 11:30:00,38.983814,12,24.0
53460,2018-05-02 12:00:00,46.36838,12,32.0
53461,2018-05-02 12:30:00,47.338787,12,31.0
53462,2018-05-02 13:00:00,48.617756,12,31.0
53463,2018-05-02 13:30:00,47.267754,12,22.0
53464,2018-05-02 14:00:00,46.786407,12,21.0
53465,2018-05-02 14:30:00,47.386406,12,25.0
53466,2018-05-02 15:00:00,49.186405,12,37.0
53467,2018-05-02 15:30:00,46.786407,12,21.0
53468,2018-05-02 16:00:00,44.312916,12,33.0
53469,2018-05-02 16:30:00,41.799805,12,20.0
53470,2018-05-02 17:00:00,38.792454,12,24.0
53471,2018-05-02 17:30:00,37.92934,12,22.0
53472,2018-05-02 18:00:00,32.06626,12,18.0
53473,2018-05-02 18:30:00,31.52868,12,19.0
53474,2018-05-02 19:00:00,28.611446,12,21.0
53475,2018-05-02 19:30:00,27.92387,12,21.0
53476,2018-05-02 20:00:00,24.530075,12,8.0
53477,2018-05-02 20:30:00,25.792498,12,21.0
53478,2018-05-02 21:00:00,24.235403,12,22.0
53479,2018-05-02 21:30:00,22.302845,12,16.0
53480,2018-05-02 22:00:00,18.55077,12,18.0
53481,2018-05-02 22:30:00,16.997065,12,19.0
53482,2018-05-02 23:00:00,13.849936,12,15.0
53483,2018-05-02 23:30:00,11.187111,12,-1.0
53484,2018-05-03 00:00:00,4.094763,12,-1.0
53485,2018-05-03 07:00:00,4.094763,12,-1.0
53486,2018-05-03 07:30:00,6.9404736,12,2.0
53487,2018-05-03 08:00:00,9.212807,12,6.0
53488,2018-05-03 08:30:00,10.293149,12,7.0
53489,2018-05-03 09:00:00,11.922548,12,7.0
53490,2018-05-03 09:30:00,14.363574,12,8.0
53491,2018-05-03 10:00:00,18.472633,12,16.0
53492,2018-05-03 10:30:00,22.662956,12,28.0
53493,2018-05-03 11:00:00,26.135105,12,26.0
53494,2018-05-03 11:30:00,28.108028,12,30.0
53495,2018-05-03 12:00:00,29.46348,12,21.0
53496,2018-05-03 12:30:00,31.753172,12,32.0
53497,2018-05-03 13:00:00,31.27531,12,27.0
53498,2018-05-03 13:30:00,31.12531,12,26.0
53499,2018-05-03 14:00:00,29.508022,12,19.0
53500,2018-05-03 14:30:00,30.558022,12,26.0
53501,2018-05-03 15:00:00,28.458021,12,12.0
53502,2018-05-03 15:30:00,30.108023,12,23.0
53503,2018-05-03 16:00:00,26.745562,12,19.0
53504,2018-05-03 16:30:00,26.625711,12,20.0
53505,2018-05-03 17:00:00,24.258835,12,21.0
53506,2018-05-03 17:30:00,22.338985,12,10.0
53507,2018-05-03 18:00:00,23.675488,12,14.0
53508,2018-05-03 18:30:00,24.155638,12,19.0
53509,2018-05-03 19:00:00,23.379166,12,17.0
53510,2018-05-03 19:30:00,24.609314,12,27.0
53511,2018-05-03 20:00:00,24.447758,12,22.0
53512,2018-05-03 20:30:00,22.97791,12,14.0
53513,2018-05-03 21:00:00,22.146172,12,14.0
53514,2018-05-03 21:30:00,22.30687,12,20.0
53515,2018-05-03 22:00:00,18.707514,12,21.0
53516,2018-05-03 22:30:00,16.097065,12,13.0
53517,2018-05-03 23:00:00,13.1456585,12,9.0
53518,2018-05-03 23:30:00,11.417373,12,-1.0
53519,2018-05-04 00:00:00,4.094763,12,-1.0
53520,2018-05-04 07:00:00,4.094763,12,-1.0
53521,2018-05-04 07:30:00,7.4053354,12,4.0
53522,2018-05-04 08:00:00,9.437475,12,8.0
53523,2018-05-04 08:30:00,10.453704,12,6.0
53524,2018-05-04 09:00:00,12.23286,12,8.0
53525,2018-05-04 09:30:00,16.109177,12,14.0
53526,2018-05-04 10:00:00,18.420086,12,15.0
53527,2018-05-04 10:30:00,20.977901,12,14.0
53528,2018-05-04 11:00:00,26.135105,12,26.0
53529,2018-05-04 11:30:00,27.658028,12,27.0
53530,2018-05-04 12:00:00,30.36348,12,27.0
53531,2018-05-04 12:30:00,31.903173,12,33.0
53532,2018-05-04 13:00:00,31.575312,12,29.0
53533,2018-05-04 13:30:00,31.425312,12,28.0
53534,2018-05-04 14:00:00,30.558022,12,26.0
53535,2018-05-04 14:30:00,30.108023,12,23.0
53536,2018-05-04 15:00:00,29.358023,12,18.0
53537,2018-05-04 15:30:00,29.208021,12,17.0
53538,2018-05-04 16:00:00,25.845562,12,13.0
53539,2018-05-04 16:30:00,29.625711,12,40.0
53540,2018-05-04 17:00:00,25.158834,12,27.0
53541,2018-05-04 17:30:00,22.788986,12,13.0
53542,2018-05-04 18:00:00,24.14456,12,16.0
53543,2018-05-04 18:30:00,24.32471,12,19.0
53544,2018-05-04 19:00:00,23.24824,12,15.0
53545,2018-05-04 19:30:00,24.32839,12,24.0
53546,2018-05-04 20:00:00,23.86683,12,17.0
53547,2018-05-04 20:30:00,23.896982,12,19.0
53548,2018-05-04 21:00:00,25.015244,12,32.0
53549,2018-05-04 21:30:00,22.025942,12,17.0
53550,2018-05-04 22:00:00,17.376587,12,11.0
53551,2018-05-04 22:30:00,16.266138,12,13.0
53552,2018-05-04 23:00:00,14.795658,12,20.0
53553,2018-05-04 23:30:00,11.417373,12,-1.0
53554,2018-05-05 00:00:00,4.0917335,12,-1.0
53555,2018-05-05 07:00:00,4.0917335,12,-1.0
53556,2018-05-05 07:30:00,8.62827,12,-1.0
53557,2018-05-05 08:00:00,12.131346,12,-1.0
53558,2018-05-05 08:30:00,15.548401,12,-1.0
53559,2018-05-05 09:00:00,18.640388,12,-1.0
53560,2018-05-05 09:30:00,23.61322,12,-1.0
53561,2018-05-05 10:00:00,30.077414,12,-1.0
53562,2018-05-05 10:30:00,34.345497,12,-1.0
53563,2018-05-05 11:00:00,40.32982,12,-1.0
53564,2018-05-05 11:30:00,42.71363,12,-1.0
53565,2018-05-05 12:00:00,50.292435,12,-1.0
53566,2018-05-05 12:30:00,51.30771,12,-1.0
53567,2018-05-05 13:00:00,53.394936,12,-1.0
53568,2018-05-05 13:30:00,53.394936,12,-1.0
53569,2018-05-05 14:00:00,53.394936,12,-1.0
53570,2018-05-05 14:30:00,53.394936,12,-1.0
53571,2018-05-05 15:00:00,53.394936,12,-1.0
53572,2018-05-05 15:30:00,53.394936,12,-1.0
53573,2018-05-05 16:00:00,48.03256,12,-1.0
53574,2018-05-05 16:30:00,46.477657,12,-1.0
53575,2018-05-05 17:00:00,44.71815,12,-1.0
53576,2018-05-05 17:30:00,42.744694,12,-1.0
53577,2018-05-05 18:00:00,39.997135,12,-1.0
53578,2018-05-05 18:30:00,37.87724,12,-1.0
53579,2018-05-05 19:00:00,36.089672,12,-1.0
53580,2018-05-05 19:30:00,33.969776,12,-1.0
53581,2018-05-05 20:00:00,33.522552,12,-1.0
53582,2018-05-05 20:30:00,31.46228,12,-1.0
53583,2018-05-05 21:00:00,26.444723,12,-1.0
53584,2018-05-05 21:30:00,24.397148,12,-1.0
53585,2018-05-05 22:00:00,19.679674,12,-1.0
53586,2018-05-05 22:30:00,16.842514,12,-1.0
53587,2018-05-05 23:00:00,14.710044,12,-1.0
53588,2018-05-05 23:30:00,11.417373,12,-1.0
53589,2018-05-06 00:00:00,3.7367876,12,-1.0
53590,2018-05-06 07:00:00,3.7367876,12,-1.0
53591,2018-05-06 07:30:00,6.5877886,12,2.0
53592,2018-05-06 08:00:00,9.362138,12,9.0
53593,2018-05-06 08:30:00,12.141267,12,10.0
53594,2018-05-06 09:00:00,16.616901,12,11.0
53595,2018-05-06 09:30:00,20.127659,12,13.0
53596,2018-05-06 10:00:00,27.510128,12,15.0
53597,2018-05-06 10:30:00,32.188,12,22.0
53598,2018-05-06 11:00:00,38.367783,12,26.0
53599,2018-05-06 11:30:00,41.44748,12,32.0
53600,2018-05-06 12:00:00,48.336006,12,36.0
53601,2018-05-06 12:30:00,50.552444,12,44.0
53602,2018-05-06 13:00:00,51.033688,12,36.0
53603,2018-05-06 13:30:00,50.433685,12,32.0
53604,2018-05-06 14:00:00,53.583687,12,53.0
53605,2018-05-06 14:30:00,52.083687,12,43.0
53606,2018-05-06 15:00:00,50.733685,12,34.0
53607,2018-05-06 15:30:00,50.883686,12,35.0
53608,2018-05-06 16:00:00,44.442238,12,26.0
53609,2018-05-06 16:30:00,44.45601,12,33.0
53610,2018-05-06 17:00:00,41.302547,12,27.0
53611,2018-05-06 17:30:00,39.91055,12,27.0
53612,2018-05-06 18:00:00,35.422497,12,27.0
53613,2018-05-06 18:30:00,33.700577,12,29.0
53614,2018-05-06 19:00:00,29.44336,12,13.0
53615,2018-05-06 19:30:00,30.121445,12,31.0
53616,2018-05-06 20:00:00,27.391508,12,23.0
53617,2018-05-06 20:30:00,23.996235,12,14.0
53618,2018-05-06 21:00:00,21.357674,12,13.0
53619,2018-05-06 21:30:00,20.63622,12,-1.0
53620,2018-05-06 22:00:00,16.92548,12,-1.0
53621,2018-05-06 22:30:00,14.419328,12,-1.0
53622,2018-05-06 23:00:00,9.758037,12,-1.0
53623,2018-05-06 23:30:00,7.5283675,12,-1.0
53624,2018-05-07 00:00:00,2.5493762,12,-1.0
53625,2018-05-07 07:00:00,3.6894722,12,-1.0
53626,2018-05-07 07:30:00,6.151966,12,-1.0
53627,2018-05-07 08:00:00,7.647635,12,10.0
53628,2018-05-07 08:30:00,8.700668,12,8.0
53629,2018-05-07 09:00:00,9.181801,12,6.0
53630,2018-05-07 09:30:00,11.765329,12,9.0
53631,2018-05-07 10:00:00,17.187967,12,14.0
53632,2018-05-07 10:30:00,20.955303,12,21.0
53633,2018-05-07 11:00:00,25.226692,12,23.0
53634,2018-05-07 11:30:00,27.0749,12,28.0
53635,2018-05-07 12:00:00,29.005066,12,21.0
53636,2018-05-07 12:30:00,31.920042,12,38.0
53637,2018-05-07 13:00:00,33.07531,12,39.0
53638,2018-05-07 13:30:00,33.375313,12,41.0
53639,2018-05-07 14:00:00,31.908022,12,35.0
53640,2018-05-07 14:30:00,31.008022,12,29.0
53641,2018-05-07 15:00:00,32.208023,12,37.0
53642,2018-05-07 15:30:00,30.408022,12,25.0
53643,2018-05-07 16:00:00,28.69556,12,32.0
53644,2018-05-07 16:30:00,30.375711,12,45.0
53645,2018-05-07 17:00:00,25.608835,12,30.0
53646,2018-05-07 17:30:00,24.588985,12,25.0
53647,2018-05-07 18:00:00,25.025488,12,23.0
53648,2018-05-07 18:30:00,24.305637,12,20.0
53649,2018-05-07 19:00:00,22.929167,12,14.0
53650,2018-05-07 19:30:00,23.409315,12,19.0
53651,2018-05-07 20:00:00,22.40736,12,10.0
53652,2018-05-07 20:30:00,22.73751,12,14.0
53653,2018-05-07 21:00:00,21.905773,12,14.0
53654,2018-05-07 21:30:00,21.61647,12,17.0
53655,2018-05-07 22:00:00,16.217115,12,6.0
53656,2018-05-07 22:30:00,15.34327,12,12.0
53657,2018-05-07 23:00:00,12.088978,12,8.0
53658,2018-05-07 23:30:00,9.616852,12,6.0
53659,2018-05-08 00:00:00,3.1848547,12,-1.0
53660,2018-05-08 07:00:00,3.3912303,12,1.0
53661,2018-05-08 07:30:00,6.2199717,12,3.0
53662,2018-05-08 08:00:00,9.2119875,12,-1.0
53663,2018-05-08 08:30:00,9.865187,12,8.0
53664,2018-05-08 09:00:00,12.007518,12,9.0
53665,2018-05-08 09:30:00,14.079483,12,8.0
53666,2018-05-08 10:00:00,17.620903,12,12.0
53667,2018-05-08 10:30:00,20.428864,12,15.0
53668,2018-05-08 11:00:00,25.235106,12,20.0
53669,2018-05-08 11:30:00,27.05803,12,23.0
53670,2018-05-08 12:00:00,29.31348,12,20.0
53671,2018-05-08 12:30:00,31.153173,12,28.0
53672,2018-05-08 13:00:00,32.625313,12,36.0
53673,2018-05-08 13:30:00,31.725311,12,30.0
53674,2018-05-08 14:00:00,30.558022,12,26.0
53675,2018-05-08 14:30:00,32.05802,12,36.0
53676,2018-05-08 15:00:00,32.508022,12,39.0
53677,2018-05-08 15:30:00,32.05802,12,36.0
53678,2018-05-08 16:00:00,28.54556,12,31.0
53679,2018-05-08 16:30:00,28.42571,12,32.0
53680,2018-05-08 17:00:00,25.158834,12,27.0
53681,2018-05-08 17:30:00,24.888985,12,27.0
53682,2018-05-08 18:00:00,24.125486,12,17.0
53683,2018-05-08 18:30:00,23.705637,12,16.0
53684,2018-05-08 19:00:00,23.079166,12,15.0
53685,2018-05-08 19:30:00,22.059315,12,10.0
53686,2018-05-08 20:00:00,23.397758,12,15.0
53687,2018-05-08 20:30:00,23.277908,12,16.0
53688,2018-05-08 21:00:00,22.296171,12,15.0
53689,2018-05-08 21:30:00,20.65687,12,9.0
53690,2018-05-08 22:00:00,16.157515,12,4.0
53691,2018-05-08 22:30:00,14.597064,12,3.0
53692,2018-05-08 23:00:00,11.1924095,12,1.0
53693,2018-05-08 23:30:00,9.533678,12,2.0
53694,2018-05-09 00:00:00,3.864702,12,-1.0
53695,2018-05-09 07:00:00,3.614494,12,1.0
53696,2018-05-09 07:30:00,7.5404735,12,6.0
53697,2018-05-09 08:00:00,8.643627,12,3.0
53698,2018-05-09 08:30:00,10.728988,12,7.0
53699,2018-05-09 09:00:00,11.410855,12,3.0
53700,2018-05-09 09:30:00,13.966024,12,2.0
53701,2018-05-09 10:00:00,28.797752,12,-1.0
53702,2018-05-09 10:30:00,28.12568,12,6.0
53703,2018-05-09 11:00:00,35.200157,12,14.0
53704,2018-05-09 11:30:00,39.883816,12,30.0
53705,2018-05-09 12:00:00,44.568382,12,20.0
53706,2018-05-09 12:30:00,45.838787,12,21.0
53707,2018-05-09 13:00:00,46.08706,12,18.0
53708,2018-05-09 13:30:00,45.78706,12,16.0
53709,2018-05-09 14:00:00,46.80571,12,25.0
53710,2018-05-09 14:30:00,48.45571,12,36.0
53711,2018-05-09 15:00:00,45.00571,12,13.0
53712,2018-05-09 15:30:00,46.35571,12,22.0
53713,2018-05-09 16:00:00,42.062916,12,18.0
53714,2018-05-09 16:30:00,42.399803,12,24.0
53715,2018-05-09 17:00:00,37.742455,12,17.0
53716,2018-05-09 17:30:00,36.72934,12,14.0
53717,2018-05-09 18:00:00,32.216263,12,19.0
53718,2018-05-09 18:30:00,29.57868,12,6.0
53719,2018-05-09 19:00:00,27.561447,12,14.0
53720,2018-05-09 19:30:00,27.92387,12,21.0
53721,2018-05-09 20:00:00,24.830074,12,10.0
53722,2018-05-09 20:30:00,25.042498,12,16.0
53723,2018-05-09 21:00:00,23.185404,12,15.0
53724,2018-05-09 21:30:00,22.152845,12,15.0
53725,2018-05-09 22:00:00,17.50077,12,11.0
53726,2018-05-09 22:30:00,15.197064,12,7.0
53727,2018-05-09 23:00:00,13.099936,12,10.0
53728,2018-05-09 23:30:00,11.187111,12,-1.0
53729,2018-05-10 00:00:00,4.094763,12,-1.0
53730,2018-05-10 07:00:00,4.094763,12,-1.0
53731,2018-05-10 07:30:00,7.3904734,12,5.0
53732,2018-05-10 08:00:00,9.062807,12,5.0
53733,2018-05-10 08:30:00,10.743149,12,10.0
53734,2018-05-10 09:00:00,12.9725485,12,14.0
53735,2018-05-10 09:30:00,15.863574,12,18.0
53736,2018-05-10 10:00:00,18.472633,12,16.0
53737,2018-05-10 10:30:00,21.012955,12,17.0
53738,2018-05-10 11:00:00,27.635105,12,36.0
53739,2018-05-10 11:30:00,26.158028,12,17.0
53740,2018-05-10 12:00:00,30.21348,12,26.0
53741,2018-05-10 12:30:00,30.103172,12,21.0
53742,2018-05-10 13:00:00,31.27531,12,27.0
53743,2018-05-10 13:30:00,30.975311,12,25.0
53744,2018-05-10 14:00:00,30.708021,12,27.0
53745,2018-05-10 14:30:00,30.408022,12,25.0
53746,2018-05-10 15:00:00,29.508022,12,19.0
53747,2018-05-10 15:30:00,29.358023,12,18.0
53748,2018-05-10 16:00:00,27.345562,12,23.0
53749,2018-05-10 16:30:00,27.375711,12,25.0
53750,2018-05-10 17:00:00,23.508835,12,16.0
53751,2018-05-10 17:30:00,23.538986,12,18.0
53752,2018-05-10 18:00:00,24.275488,12,18.0
53753,2018-05-10 18:30:00,23.255638,12,13.0
53754,2018-05-10 19:00:00,22.779167,12,13.0
53755,2018-05-10 19:30:00,22.659315,12,14.0
53756,2018-05-10 20:00:00,24.59776,12,23.0
53757,2018-05-10 20:30:00,22.527908,12,11.0
53758,2018-05-10 21:00:00,21.69617,12,11.0
53759,2018-05-10 21:30:00,21.25687,12,13.0
53760,2018-05-10 22:00:00,16.457514,12,6.0
53761,2018-05-10 22:30:00,15.197064,12,7.0
53762,2018-05-10 23:00:00,13.1456585,12,9.0
53763,2018-05-10 23:30:00,11.417373,12,-1.0
53764,2018-05-11 00:00:00,4.094763,12,-1.0
53765,2018-05-11 07:00:00,4.0805483,12,4.0
53766,2018-05-11 07:30:00,7.7053356,12,6.0
53767,2018-05-11 08:00:00,8.837476,12,4.0
53768,2018-05-11 08:30:00,10.603704,12,7.0
53769,2018-05-11 09:00:00,12.682859,12,11.0
53770,2018-05-11 09:30:00,15.659177,12,11.0
53771,2018-05-11 10:00:00,18.120087,12,13.0
53772,2018-05-11 10:30:00,21.127901,12,15.0
53773,2018-05-11 11:00:00,26.435106,12,28.0
53774,2018-05-11 11:30:00,27.208029,12,24.0
53775,2018-05-11 12:00:00,29.013481,12,18.0
53776,2018-05-11 12:30:00,31.603172,12,31.0
53777,2018-05-11 13:00:00,30.52531,12,22.0
53778,2018-05-11 13:30:00,30.675312,12,23.0
53779,2018-05-11 14:00:00,28.908022,12,15.0
53780,2018-05-11 14:30:00,29.958021,12,22.0
53781,2018-05-11 15:00:00,29.658022,12,20.0
53782,2018-05-11 15:30:00,30.108023,12,23.0
53783,2018-05-11 16:00:00,26.29556,12,16.0
53784,2018-05-11 16:30:00,26.17571,12,17.0
53785,2018-05-11 17:00:00,22.758835,12,11.0
53786,2018-05-11 17:30:00,23.238985,12,16.0
53787,2018-05-11 18:00:00,25.34456,12,24.0
53788,2018-05-11 18:30:00,24.174711,12,18.0
53789,2018-05-11 19:00:00,23.99824,12,20.0
53790,2018-05-11 19:30:00,22.528389,12,12.0
53791,2018-05-11 20:00:00,22.966831,12,11.0
53792,2018-05-11 20:30:00,24.496983,12,23.0
53793,2018-05-11 21:00:00,22.615244,12,16.0
53794,2018-05-11 21:30:00,21.725943,12,15.0
53795,2018-05-11 22:00:00,18.126587,12,16.0
53796,2018-05-11 22:30:00,16.116137,12,12.0
53797,2018-05-11 23:00:00,13.595658,12,12.0
53798,2018-05-11 23:30:00,11.417373,12,-1.0
53799,2018-05-12 00:00:00,4.0917335,12,-1.0
53800,2018-05-12 07:00:00,4.0917335,12,-1.0
53801,2018-05-12 07:30:00,8.62827,12,-1.0
53802,2018-05-12 08:00:00,12.131346,12,-1.0
53803,2018-05-12 08:30:00,15.548401,12,-1.0
53804,2018-05-12 09:00:00,18.640388,12,-1.0
53805,2018-05-12 09:30:00,23.61322,12,-1.0
53806,2018-05-12 10:00:00,30.077414,12,-1.0
53807,2018-05-12 10:30:00,34.345497,12,-1.0
53808,2018-05-12 11:00:00,40.32982,12,-1.0
53809,2018-05-12 11:30:00,42.71363,12,-1.0
53810,2018-05-12 12:00:00,50.292435,12,-1.0
53811,2018-05-12 12:30:00,51.30771,12,-1.0
53812,2018-05-12 13:00:00,52.711765,12,-1.0
53813,2018-05-12 13:30:00,52.711765,12,-1.0
53814,2018-05-12 14:00:00,52.711765,12,-1.0
53815,2018-05-12 14:30:00,52.711765,12,-1.0
53816,2018-05-12 15:00:00,52.711765,12,-1.0
53817,2018-05-12 15:30:00,52.711765,12,-1.0
53818,2018-05-12 16:00:00,48.03256,12,-1.0
53819,2018-05-12 16:30:00,46.477657,12,-1.0
53820,2018-05-12 17:00:00,44.71815,12,-1.0
53821,2018-05-12 17:30:00,42.744694,12,-1.0
53822,2018-05-12 18:00:00,39.997135,12,-1.0
53823,2018-05-12 18:30:00,37.87724,12,-1.0
53824,2018-05-12 19:00:00,36.089672,12,-1.0
53825,2018-05-12 19:30:00,33.969776,12,-1.0
53826,2018-05-12 20:00:00,33.522552,12,-1.0
53827,2018-05-12 20:30:00,31.46228,12,-1.0
53828,2018-05-12 21:00:00,26.444723,12,-1.0
53829,2018-05-12 21:30:00,24.397148,12,-1.0
53830,2018-05-12 22:00:00,19.679674,12,-1.0
53831,2018-05-12 22:30:00,16.842514,12,-1.0
53832,2018-05-12 23:00:00,14.710044,12,-1.0
53833,2018-05-12 23:30:00,11.417373,12,-1.0
53834,2018-05-13 00:00:00,3.7367876,12,-1.0
53835,2018-05-13 07:00:00,3.7367876,12,-1.0
53836,2018-05-13 07:30:00,6.8877883,12,4.0
53837,2018-05-13 08:00:00,8.912137,12,6.0
53838,2018-05-13 08:30:00,12.741267,12,14.0
53839,2018-05-13 09:00:00,16.616901,12,11.0
53840,2018-05-13 09:30:00,21.484486,12,19.0
53841,2018-05-13 10:00:00,28.560127,12,22.0
53842,2018-05-13 10:30:00,33.84483,12,30.0
53843,2018-05-13 11:00:00,39.56778,12,34.0
53844,2018-05-13 11:30:00,43.24748,12,44.0
53845,2018-05-13 12:00:00,49.836006,12,46.0
53846,2018-05-13 12:30:00,49.352448,12,36.0
53847,2018-05-13 13:00:00,48.633686,12,20.0
53848,2018-05-13 13:30:00,53.133686,12,50.0
53849,2018-05-13 14:00:00,54.783688,12,61.0
53850,2018-05-13 14:30:00,52.233685,12,44.0
53851,2018-05-13 15:00:00,51.033688,12,36.0
53852,2018-05-13 15:30:00,51.183685,12,37.0
53853,2018-05-13 16:00:00,47.742237,12,48.0
53854,2018-05-13 16:30:00,43.106007,12,24.0
53855,2018-05-13 17:00:00,43.25255,12,40.0
53856,2018-05-13 17:30:00,41.86055,12,40.0
53857,2018-05-13 18:00:00,35.422497,12,27.0
53858,2018-05-13 18:30:00,33.700577,12,29.0
53859,2018-05-13 19:00:00,32.593357,12,34.0
53860,2018-05-13 19:30:00,27.571445,12,14.0
53861,2018-05-13 20:00:00,27.991507,12,27.0
53862,2018-05-13 20:30:00,23.696234,12,12.0
53863,2018-05-13 21:00:00,21.657673,12,15.0
53864,2018-05-13 21:30:00,20.63622,12,-1.0
53865,2018-05-13 22:00:00,16.92548,12,-1.0
53866,2018-05-13 22:30:00,14.419328,12,-1.0
53867,2018-05-13 23:00:00,9.758037,12,-1.0
53868,2018-05-13 23:30:00,7.5283675,12,-1.0
53869,2018-05-14 00:00:00,2.5493762,12,-1.0
53870,2018-05-14 07:00:00,3.6894722,12,-1.0
53871,2018-05-14 07:30:00,6.151966,12,-1.0
53872,2018-05-14 08:00:00,6.234286,12,2.0
53873,2018-05-14 08:30:00,8.400668,12,6.0
53874,2018-05-14 09:00:00,9.031801,12,5.0
53875,2018-05-14 09:30:00,13.265329,12,19.0
53876,2018-05-14 10:00:00,19.287968,12,28.0
53877,2018-05-14 10:30:00,20.505304,12,18.0
53878,2018-05-14 11:00:00,27.32669,12,37.0
53879,2018-05-14 11:30:00,26.174898,12,22.0
53880,2018-05-14 12:00:00,30.655066,12,32.0
53881,2018-05-14 12:30:00,31.77004,12,37.0
53882,2018-05-14 13:00:00,31.575312,12,29.0
53883,2018-05-14 13:30:00,32.32531,12,34.0
53884,2018-05-14 14:00:00,31.458021,12,32.0
53885,2018-05-14 14:30:00,33.40802,12,45.0
53886,2018-05-14 15:00:00,31.308022,12,31.0
53887,2018-05-14 15:30:00,31.008022,12,29.0
53888,2018-05-14 16:00:00,29.745562,12,39.0
53889,2018-05-14 16:30:00,27.525711,12,26.0
53890,2018-05-14 17:00:00,24.708836,12,24.0
53891,2018-05-14 17:30:00,25.038986,12,28.0
53892,2018-05-14 18:00:00,26.675488,12,34.0
53893,2018-05-14 18:30:00,25.655638,12,29.0
53894,2018-05-14 19:00:00,24.879166,12,27.0
53895,2018-05-14 19:30:00,24.759315,12,28.0
53896,2018-05-14 20:00:00,24.20736,12,22.0
53897,2018-05-14 20:30:00,25.43751,12,32.0
53898,2018-05-14 21:00:00,24.155773,12,29.0
53899,2018-05-14 21:30:00,22.21647,12,21.0
53900,2018-05-14 22:00:00,18.617115,12,22.0
53901,2018-05-14 22:30:00,14.44327,12,6.0
53902,2018-05-14 23:00:00,11.938978,12,7.0
53903,2018-05-14 23:30:00,9.766852,12,7.0
53904,2018-05-15 00:00:00,3.1848547,12,-1.0
53905,2018-05-15 07:00:00,3.9912302,12,5.0
53906,2018-05-15 07:30:00,6.669972,12,6.0
53907,2018-05-15 08:00:00,9.2119875,12,-1.0
53908,2018-05-15 08:30:00,9.715187,12,7.0
53909,2018-05-15 09:00:00,12.007518,12,9.0
53910,2018-05-15 09:30:00,15.879483,12,20.0
53911,2018-05-15 10:00:00,17.920904,12,14.0
53912,2018-05-15 10:30:00,22.078863,12,26.0
53913,2018-05-15 11:00:00,25.085106,12,19.0
53914,2018-05-15 11:30:00,27.05803,12,23.0
53915,2018-05-15 12:00:00,30.513481,12,28.0
53916,2018-05-15 12:30:00,31.903173,12,33.0
53917,2018-05-15 13:00:00,31.87531,12,31.0
53918,2018-05-15 13:30:00,32.925312,12,38.0
53919,2018-05-15 14:00:00,32.80802,12,41.0
53920,2018-05-15 14:30:00,31.308022,12,31.0
53921,2018-05-15 15:00:00,32.05802,12,36.0
53922,2018-05-15 15:30:00,31.608023,12,33.0
53923,2018-05-15 16:00:00,28.69556,12,32.0
53924,2018-05-15 16:30:00,27.67571,12,27.0
53925,2018-05-15 17:00:00,25.758835,12,31.0
53926,2018-05-15 17:30:00,24.588985,12,25.0
53927,2018-05-15 18:00:00,25.325487,12,25.0
53928,2018-05-15 18:30:00,26.255638,12,33.0
53929,2018-05-15 19:00:00,24.129166,12,22.0
53930,2018-05-15 19:30:00,24.759315,12,28.0
53931,2018-05-15 20:00:00,25.34776,12,28.0
53932,2018-05-15 20:30:00,23.877909,12,20.0
53933,2018-05-15 21:00:00,24.396172,12,29.0
53934,2018-05-15 21:30:00,22.45687,12,21.0
53935,2018-05-15 22:00:00,18.107513,12,17.0
53936,2018-05-15 22:30:00,16.397064,12,15.0
53937,2018-05-15 23:00:00,12.54241,12,10.0
53938,2018-05-15 23:30:00,11.183678,12,13.0
53939,2018-05-16 00:00:00,3.864702,12,-1.0
53940,2018-05-16 07:00:00,3.914494,12,3.0
53941,2018-05-16 07:30:00,7.3904734,12,5.0
53942,2018-05-16 08:00:00,9.7992325,12,11.0
53943,2018-05-16 08:30:00,11.943149,12,18.0
53944,2018-05-16 09:00:00,13.272548,12,16.0
53945,2018-05-16 09:30:00,15.263575,12,14.0
53946,2018-05-16 10:00:00,18.908981,12,-1.0
53947,2018-05-16 10:30:00,22.662956,12,28.0
53948,2018-05-16 11:00:00,26.435106,12,28.0
53949,2018-05-16 11:30:00,29.458029,12,39.0
53950,2018-05-16 12:00:00,31.41348,12,34.0
53951,2018-05-16 12:30:00,31.303173,12,29.0
53952,2018-05-16 13:00:00,32.47531,12,35.0
53953,2018-05-16 13:30:00,33.375313,12,41.0
53954,2018-05-16 14:00:00,34.758022,12,54.0
53955,2018-05-16 14:30:00,31.758022,12,34.0
53956,2018-05-16 15:00:00,34.90802,12,55.0
53957,2018-05-16 15:30:00,33.708023,12,47.0
53958,2018-05-16 16:00:00,27.94556,12,27.0
53959,2018-05-16 16:30:00,27.375711,12,25.0
53960,2018-05-16 17:00:00,24.708836,12,24.0
53961,2018-05-16 17:30:00,25.488985,12,31.0
53962,2018-05-16 18:00:00,25.475487,12,26.0
53963,2018-05-16 18:30:00,27.005638,12,38.0
53964,2018-05-16 19:00:00,24.579166,12,25.0
53965,2018-05-16 19:30:00,24.309315,12,25.0
53966,2018-05-16 20:00:00,24.297758,12,21.0
53967,2018-05-16 20:30:00,24.927908,12,27.0
53968,2018-05-16 21:00:00,22.896172,12,19.0
53969,2018-05-16 21:30:00,22.00687,12,18.0
53970,2018-05-16 22:00:00,17.957514,12,16.0
53971,2018-05-16 22:30:00,15.947064,12,12.0
53972,2018-05-16 23:00:00,14.599936,12,20.0
53973,2018-05-16 23:30:00,11.187111,12,-1.0
53974,2018-05-17 00:00:00,4.094763,12,-1.0
53975,2018-05-17 07:00:00,3.7805483,12,2.0
53976,2018-05-17 07:30:00,7.6904736,12,7.0
53977,2018-05-17 08:00:00,10.562807,12,15.0
53978,2018-05-17 08:30:00,11.043149,12,12.0
53979,2018-05-17 09:00:00,12.672548,12,12.0
53980,2018-05-17 09:30:00,15.713574,12,17.0
53981,2018-05-17 10:00:00,21.022635,12,33.0
53982,2018-05-17 10:30:00,23.862955,12,36.0
53983,2018-05-17 11:00:00,26.885105,12,31.0
53984,2018-05-17 11:30:00,30.358028,12,45.0
53985,2018-05-17 12:00:00,32.01348,12,38.0
53986,2018-05-17 12:30:00,33.40317,12,43.0
53987,2018-05-17 13:00:00,32.625313,12,36.0
53988,2018-05-17 13:30:00,32.77531,12,37.0
53989,2018-05-17 14:00:00,31.308022,12,31.0
53990,2018-05-17 14:30:00,31.908022,12,35.0
53991,2018-05-17 15:00:00,31.608023,12,33.0
53992,2018-05-17 15:30:00,31.008022,12,29.0
53993,2018-05-17 16:00:00,28.845562,12,33.0
53994,2018-05-17 16:30:00,28.42571,12,32.0
53995,2018-05-17 17:00:00,25.308836,12,28.0
53996,2018-05-17 17:30:00,25.788986,12,33.0
53997,2018-05-17 18:00:00,25.025488,12,23.0
53998,2018-05-17 18:30:00,25.505638,12,28.0
53999,2018-05-17 19:00:00,25.629166,12,32.0
54000,2018-05-17 19:30:00,25.509315,12,33.0
54001,2018-05-17 20:00:00,26.09776,12,33.0
54002,2018-05-17 20:30:00,24.627909,12,25.0
54003,2018-05-17 21:00:00,25.296171,12,35.0
54004,2018-05-17 21:30:00,23.65687,12,29.0
54005,2018-05-17 22:00:00,17.357513,12,12.0
54006,2018-05-17 22:30:00,16.697063,12,17.0
54007,2018-05-17 23:00:00,14.045658,12,15.0
54008,2018-05-17 23:30:00,11.417373,12,-1.0
54009,2018-05-18 00:00:00,4.094763,12,-1.0
54010,2018-05-18 07:00:00,4.0805483,12,4.0
54011,2018-05-18 07:30:00,8.155335,12,9.0
54012,2018-05-18 08:00:00,9.437475,12,8.0
54013,2018-05-18 08:30:00,11.053704,12,10.0
54014,2018-05-18 09:00:00,12.53286,12,10.0
54015,2018-05-18 09:30:00,16.709177,12,18.0
54016,2018-05-18 10:00:00,18.870087,12,18.0
54017,2018-05-18 10:30:00,22.477901,12,24.0
54018,2018-05-18 11:00:00,26.285105,12,27.0
54019,2018-05-18 11:30:00,27.358028,12,25.0
54020,2018-05-18 12:00:00,31.86348,12,37.0
54021,2018-05-18 12:30:00,31.603172,12,31.0
54022,2018-05-18 13:00:00,31.12531,12,26.0
54023,2018-05-18 13:30:00,31.425312,12,28.0
54024,2018-05-18 14:00:00,32.05802,12,36.0
54025,2018-05-18 14:30:00,31.908022,12,35.0
54026,2018-05-18 15:00:00,29.808022,12,21.0
54027,2018-05-18 15:30:00,29.808022,12,21.0
54028,2018-05-18 16:00:00,25.845562,12,13.0
54029,2018-05-18 16:30:00,27.375711,12,25.0
54030,2018-05-18 17:00:00,23.508835,12,16.0
54031,2018-05-18 17:30:00,24.588985,12,25.0
54032,2018-05-18 18:00:00,24.89456,12,21.0
54033,2018-05-18 18:30:00,25.674711,12,28.0
54034,2018-05-18 19:00:00,25.19824,12,28.0
54035,2018-05-18 19:30:00,24.17839,12,23.0
54036,2018-05-18 20:00:00,24.316832,12,20.0
54037,2018-05-18 20:30:00,25.846981,12,32.0
54038,2018-05-18 21:00:00,24.415245,12,28.0
54039,2018-05-18 21:30:00,22.325943,12,19.0
54040,2018-05-18 22:00:00,21.126587,12,36.0
54041,2018-05-18 22:30:00,15.816137,12,10.0
54042,2018-05-18 23:00:00,14.6456585,12,19.0
54043,2018-05-18 23:30:00,11.417373,12,-1.0
54044,2018-05-19 00:00:00,4.0917335,12,-1.0
54045,2018-05-19 07:00:00,4.0917335,12,-1.0
54046,2018-05-19 07:30:00,8.62827,12,-1.0
54047,2018-05-19 08:00:00,12.131346,12,-1.0
54048,2018-05-19 08:30:00,15.548401,12,-1.0
54049,2018-05-19 09:00:00,18.640388,12,-1.0
54050,2018-05-19 09:30:00,24.150665,12,-1.0
54051,2018-05-19 10:00:00,30.077414,12,-1.0
54052,2018-05-19 10:30:00,34.882942,12,-1.0
54053,2018-05-19 11:00:00,40.32982,12,-1.0
54054,2018-05-19 11:30:00,42.71363,12,-1.0
54055,2018-05-19 12:00:00,50.292435,12,-1.0
54056,2018-05-19 12:30:00,51.30771,12,-1.0
54057,2018-05-19 13:00:00,52.711765,12,-1.0
54058,2018-05-19 13:30:00,52.711765,12,-1.0
54059,2018-05-19 14:00:00,52.711765,12,-1.0
54060,2018-05-19 14:30:00,52.711765,12,-1.0
54061,2018-05-19 15:00:00,52.711765,12,-1.0
54062,2018-05-19 15:30:00,52.711765,12,-1.0
54063,2018-05-19 16:00:00,48.03256,12,-1.0
54064,2018-05-19 16:30:00,46.477657,12,-1.0
54065,2018-05-19 17:00:00,44.71815,12,-1.0
54066,2018-05-19 17:30:00,42.744694,12,-1.0
54067,2018-05-19 18:00:00,39.997135,12,-1.0
54068,2018-05-19 18:30:00,37.87724,12,-1.0
54069,2018-05-19 19:00:00,36.089672,12,-1.0
54070,2018-05-19 19:30:00,33.969776,12,-1.0
54071,2018-05-19 20:00:00,33.522552,12,-1.0
54072,2018-05-19 20:30:00,31.46228,12,-1.0
54073,2018-05-19 21:00:00,26.444723,12,-1.0
54074,2018-05-19 21:30:00,24.397148,12,-1.0
54075,2018-05-19 22:00:00,19.679674,12,-1.0
54076,2018-05-19 22:30:00,16.842514,12,-1.0
54077,2018-05-19 23:00:00,14.710044,12,-1.0
54078,2018-05-19 23:30:00,11.417373,12,-1.0
54079,2018-05-20 00:00:00,3.7367876,12,-1.0
54080,2018-05-20 07:00:00,3.7367876,12,-1.0
54081,2018-05-20 07:30:00,6.8877883,12,4.0
54082,2018-05-20 08:00:00,8.912137,12,6.0
54083,2018-05-20 08:30:00,12.591267,12,13.0
54084,2018-05-20 09:00:00,17.2169,12,15.0
54085,2018-05-20 09:30:00,22.534485,12,26.0
54086,2018-05-20 10:00:00,30.060127,12,32.0
54087,2018-05-20 10:30:00,34.29483,12,33.0
54088,2018-05-20 11:00:00,43.182976,12,54.0
54089,2018-05-20 11:30:00,45.21268,12,53.0
54090,2018-05-20 12:00:00,52.2512,12,58.0
54091,2018-05-20 12:30:00,53.267647,12,58.0
54092,2018-05-20 13:00:00,56.133686,12,70.0
54093,2018-05-20 13:30:00,54.933685,12,62.0
54094,2018-05-20 14:00:00,53.433685,12,52.0
54095,2018-05-20 14:30:00,55.083687,12,63.0
54096,2018-05-20 15:00:00,55.233685,12,64.0
54097,2018-05-20 15:30:00,54.333687,12,58.0
54098,2018-05-20 16:00:00,48.942238,12,56.0
54099,2018-05-20 16:30:00,49.106007,12,64.0
54100,2018-05-20 17:00:00,41.90255,12,31.0
54101,2018-05-20 17:30:00,40.81055,12,33.0
54102,2018-05-20 18:00:00,37.822495,12,43.0
54103,2018-05-20 18:30:00,36.55058,12,48.0
54104,2018-05-20 19:00:00,31.093359,12,24.0
54105,2018-05-20 19:30:00,31.321445,12,39.0
54106,2018-05-20 20:00:00,28.591507,12,31.0
54107,2018-05-20 20:30:00,25.946234,12,27.0
54108,2018-05-20 21:00:00,23.307673,12,26.0
54109,2018-05-20 21:30:00,20.63622,12,-1.0
54110,2018-05-20 22:00:00,16.92548,12,-1.0
54111,2018-05-20 22:30:00,14.419328,12,-1.0
54112,2018-05-20 23:00:00,9.758037,12,-1.0
54113,2018-05-20 23:30:00,7.5283675,12,-1.0
54114,2018-05-21 00:00:00,2.5493762,12,-1.0
54115,2018-05-21 07:00:00,3.6894722,12,-1.0
54116,2018-05-21 07:30:00,6.151966,12,-1.0
54117,2018-05-21 08:00:00,6.984286,12,7.0
54118,2018-05-21 08:30:00,8.400668,12,6.0
54119,2018-05-21 09:00:00,9.631802,12,9.0
54120,2018-05-21 09:30:00,12.515329,12,14.0
54121,2018-05-21 10:00:00,17.487967,12,16.0
54122,2018-05-21 10:30:00,20.955303,12,21.0
54123,2018-05-21 11:00:00,24.926691,12,21.0
54124,2018-05-21 11:30:00,26.4749,12,24.0
54125,2018-05-21 12:00:00,30.205067,12,29.0
54126,2018-05-21 12:30:00,30.420042,12,28.0
54127,2018-05-21 13:00:00,31.575312,12,29.0
54128,2018-05-21 13:30:00,33.07531,12,39.0
54129,2018-05-21 14:00:00,32.05802,12,36.0
54130,2018-05-21 14:30:00,30.558022,12,26.0
54131,2018-05-21 15:00:00,32.208023,12,37.0
54132,2018-05-21 15:30:00,30.858023,12,28.0
54133,2018-05-21 16:00:00,28.995562,12,34.0
54134,2018-05-21 16:30:00,29.025711,12,36.0
54135,2018-05-21 17:00:00,25.608835,12,30.0
54136,2018-05-21 17:30:00,24.888985,12,27.0
54137,2018-05-21 18:00:00,25.775488,12,28.0
54138,2018-05-21 18:30:00,25.055637,12,25.0
54139,2018-05-21 19:00:00,24.129166,12,22.0
54140,2018-05-21 19:30:00,24.309315,12,25.0
54141,2018-05-21 20:00:00,24.05736,12,21.0
54142,2018-05-21 20:30:00,24.38751,12,25.0
54143,2018-05-21 21:00:00,24.455772,12,31.0
54144,2018-05-21 21:30:00,22.36647,12,22.0
54145,2018-05-21 22:00:00,18.317116,12,20.0
54146,2018-05-21 22:30:00,16.39327,12,19.0
54147,2018-05-21 23:00:00,12.088978,12,8.0
54148,2018-05-21 23:30:00,10.816853,12,14.0
54149,2018-05-22 00:00:00,3.1848547,12,-1.0
54150,2018-05-22 07:00:00,3.8412302,12,4.0
54151,2018-05-22 07:30:00,6.519972,12,5.0
54152,2018-05-22 08:00:00,9.33019,12,10.0
54153,2018-05-22 08:30:00,9.415187,12,5.0
54154,2018-05-22 09:00:00,12.757518,12,14.0
54155,2018-05-22 09:30:00,14.679483,12,12.0
54156,2018-05-22 10:00:00,18.970903,12,21.0
54157,2018-05-22 10:30:00,20.728863,12,17.0
54158,2018-05-22 11:00:00,26.435106,12,28.0
54159,2018-05-22 11:30:00,29.758028,12,41.0
54160,2018-05-22 12:00:00,31.263481,12,33.0
54161,2018-05-22 12:30:00,31.753172,12,32.0
54162,2018-05-22 13:00:00,32.02531,12,32.0
54163,2018-05-22 13:30:00,33.82531,12,44.0
54164,2018-05-22 14:00:00,31.608023,12,33.0
54165,2018-05-22 14:30:00,33.10802,12,43.0
54166,2018-05-22 15:00:00,31.908022,12,35.0
54167,2018-05-22 15:30:00,33.40802,12,45.0
54168,2018-05-22 16:00:00,27.645561,12,25.0
54169,2018-05-22 16:30:00,29.625711,12,40.0
54170,2018-05-22 17:00:00,26.208836,12,34.0
54171,2018-05-22 17:30:00,25.188986,12,29.0
54172,2018-05-22 18:00:00,26.375486,12,32.0
54173,2018-05-22 18:30:00,24.755638,12,23.0
54174,2018-05-22 19:00:00,24.129166,12,22.0
54175,2018-05-22 19:30:00,24.309315,12,25.0
54176,2018-05-22 20:00:00,25.497759,12,29.0
54177,2018-05-22 20:30:00,24.32791,12,23.0
54178,2018-05-22 21:00:00,23.646172,12,24.0
54179,2018-05-22 21:30:00,23.65687,12,29.0
54180,2018-05-22 22:00:00,18.557514,12,20.0
54181,2018-05-22 22:30:00,18.197063,12,27.0
54182,2018-05-22 23:00:00,13.59241,12,17.0
54183,2018-05-22 23:30:00,10.433678,12,8.0
54184,2018-05-23 00:00:00,3.864702,12,-1.0
54185,2018-05-23 07:00:00,4.064494,12,4.0
54186,2018-05-23 07:30:00,8.290473,12,11.0
54187,2018-05-23 08:00:00,9.349233,12,8.0
54188,2018-05-23 08:30:00,10.893148,12,11.0
54189,2018-05-23 09:00:00,13.422548,12,17.0
54190,2018-05-23 09:30:00,15.563574,12,16.0
54191,2018-05-23 10:00:00,18.908981,12,-1.0
54192,2018-05-23 10:30:00,22.062956,12,24.0
54193,2018-05-23 11:00:00,26.135105,12,26.0
54194,2018-05-23 11:30:00,26.608028,12,20.0
54195,2018-05-23 12:00:00,31.263481,12,33.0
54196,2018-05-23 12:30:00,32.353172,12,36.0
54197,2018-05-23 13:00:00,33.07531,12,39.0
54198,2018-05-23 13:30:00,32.32531,12,34.0
54199,2018-05-23 14:00:00,32.35802,12,38.0
54200,2018-05-23 14:30:00,32.05802,12,36.0
54201,2018-05-23 15:00:00,31.008022,12,29.0
54202,2018-05-23 15:30:00,31.758022,12,34.0
54203,2018-05-23 16:00:00,29.745562,12,39.0
54204,2018-05-23 16:30:00,28.125711,12,30.0
54205,2018-05-23 17:00:00,24.258835,12,21.0
54206,2018-05-23 17:30:00,24.288986,12,23.0
54207,2018-05-23 18:00:00,25.025488,12,23.0
54208,2018-05-23 18:30:00,24.305637,12,20.0
54209,2018-05-23 19:00:00,24.879166,12,27.0
54210,2018-05-23 19:30:00,22.659315,12,14.0
54211,2018-05-23 20:00:00,25.497759,12,29.0
54212,2018-05-23 20:30:00,24.177908,12,22.0
54213,2018-05-23 21:00:00,23.496172,12,23.0
54214,2018-05-23 21:30:00,21.55687,12,15.0
54215,2018-05-23 22:00:00,19.007515,12,23.0
54216,2018-05-23 22:30:00,16.397064,12,15.0
54217,2018-05-23 23:00:00,12.949936,12,9.0
54218,2018-05-23 23:30:00,11.187111,12,-1.0
54219,2018-05-24 00:00:00,4.094763,12,-1.0
54220,2018-05-24 07:00:00,3.7805483,12,2.0
54221,2018-05-24 07:30:00,8.140473,12,10.0
54222,2018-05-24 08:00:00,9.212807,12,6.0
54223,2018-05-24 08:30:00,11.343149,12,14.0
54224,2018-05-24 09:00:00,12.9725485,12,14.0
54225,2018-05-24 09:30:00,15.113574,12,13.0
54226,2018-05-24 10:00:00,19.222633,12,21.0
54227,2018-05-24 10:30:00,21.612955,12,21.0
54228,2018-05-24 11:00:00,25.835106,12,24.0
54229,2018-05-24 11:30:00,28.858028,12,35.0
54230,2018-05-24 12:00:00,31.11348,12,32.0
54231,2018-05-24 12:30:00,32.65317,12,38.0
54232,2018-05-24 13:00:00,30.675312,12,23.0
54233,2018-05-24 13:30:00,34.425312,12,48.0
54234,2018-05-24 14:00:00,31.158022,12,30.0
54235,2018-05-24 14:30:00,29.958021,12,22.0
54236,2018-05-24 15:00:00,32.208023,12,37.0
54237,2018-05-24 15:30:00,29.958021,12,22.0
54238,2018-05-24 16:00:00,27.04556,12,21.0
54239,2018-05-24 16:30:00,27.825712,12,28.0
54240,2018-05-24 17:00:00,24.858835,12,25.0
54241,2018-05-24 17:30:00,24.438986,12,24.0
54242,2018-05-24 18:00:00,25.775488,12,28.0
54243,2018-05-24 18:30:00,24.005638,12,18.0
54244,2018-05-24 19:00:00,25.329166,12,30.0
54245,2018-05-24 19:30:00,24.609314,12,27.0
54246,2018-05-24 20:00:00,26.09776,12,33.0
54247,2018-05-24 20:30:00,23.72791,12,19.0
54248,2018-05-24 21:00:00,23.496172,12,23.0
54249,2018-05-24 21:30:00,23.05687,12,25.0
54250,2018-05-24 22:00:00,19.757515,12,28.0
54251,2018-05-24 22:30:00,15.947064,12,12.0
54252,2018-05-24 23:00:00,14.045658,12,15.0
54253,2018-05-24 23:30:00,11.417373,12,-1.0
54254,2018-05-25 00:00:00,4.094763,12,-1.0
54255,2018-05-25 07:00:00,4.680548,12,8.0
54256,2018-05-25 07:30:00,8.155335,12,9.0
54257,2018-05-25 08:00:00,9.437475,12,8.0
54258,2018-05-25 08:30:00,12.103704,12,17.0
54259,2018-05-25 09:00:00,13.88286,12,19.0
54260,2018-05-25 09:30:00,16.859177,12,19.0
54261,2018-05-25 10:00:00,19.470085,12,22.0
54262,2018-05-25 10:30:00,23.227901,12,29.0
54263,2018-05-25 11:00:00,26.585106,12,29.0
54264,2018-05-25 11:30:00,27.05803,12,23.0
54265,2018-05-25 12:00:00,31.263481,12,33.0
54266,2018-05-25 12:30:00,32.65317,12,38.0
54267,2018-05-25 13:00:00,33.375313,12,41.0
54268,2018-05-25 13:30:00,31.425312,12,28.0
54269,2018-05-25 14:00:00,33.55802,12,46.0
54270,2018-05-25 14:30:00,30.558022,12,26.0
54271,2018-05-25 15:00:00,33.10802,12,43.0
54272,2018-05-25 15:30:00,32.208023,12,37.0
54273,2018-05-25 16:00:00,27.345562,12,23.0
54274,2018-05-25 16:30:00,28.875711,12,35.0
54275,2018-05-25 17:00:00,24.558836,12,23.0
54276,2018-05-25 17:30:00,25.038986,12,28.0
54277,2018-05-25 18:00:00,25.64456,12,26.0
54278,2018-05-25 18:30:00,26.12471,12,31.0
54279,2018-05-25 19:00:00,24.74824,12,25.0
54280,2018-05-25 19:30:00,23.87839,12,21.0
54281,2018-05-25 20:00:00,24.766832,12,23.0
54282,2018-05-25 20:30:00,25.396982,12,29.0
54283,2018-05-25 21:00:00,23.065245,12,19.0
54284,2018-05-25 21:30:00,24.275942,12,32.0
54285,2018-05-25 22:00:00,18.876587,12,21.0
54286,2018-05-25 22:30:00,17.466137,12,21.0
54287,2018-05-25 23:00:00,14.795658,12,20.0
54288,2018-05-25 23:30:00,11.417373,12,-1.0
54289,2018-05-26 00:00:00,4.0917335,12,-1.0
54290,2018-05-26 07:00:00,4.0917335,12,-1.0
54291,2018-05-26 07:30:00,8.62827,12,-1.0
54292,2018-05-26 08:00:00,12.131346,12,-1.0
54293,2018-05-26 08:30:00,15.548401,12,-1.0
54294,2018-05-26 09:00:00,18.640388,12,-1.0
54295,2018-05-26 09:30:00,24.150665,12,-1.0
54296,2018-05-26 10:00:00,30.077414,12,-1.0
54297,2018-05-26 10:30:00,34.882942,12,-1.0
54298,2018-05-26 11:00:00,40.32982,12,-1.0
54299,2018-05-26 11:30:00,42.71363,12,-1.0
54300,2018-05-26 12:00:00,50.292435,12,-1.0
54301,2018-05-26 12:30:00,51.30771,12,-1.0
54302,2018-05-26 13:00:00,52.711765,12,-1.0
54303,2018-05-26 13:30:00,52.711765,12,-1.0
54304,2018-05-26 14:00:00,52.711765,12,-1.0
54305,2018-05-26 14:30:00,52.711765,12,-1.0
54306,2018-05-26 15:00:00,52.711765,12,-1.0
54307,2018-05-26 15:30:00,52.711765,12,-1.0
54308,2018-05-26 16:00:00,48.03256,12,-1.0
54309,2018-05-26 16:30:00,46.477657,12,-1.0
54310,2018-05-26 17:00:00,44.71815,12,-1.0
54311,2018-05-26 17:30:00,42.744694,12,-1.0
54312,2018-05-26 18:00:00,39.997135,12,-1.0
54313,2018-05-26 18:30:00,37.87724,12,-1.0
54314,2018-05-26 19:00:00,36.089672,12,-1.0
54315,2018-05-26 19:30:00,33.969776,12,-1.0
54316,2018-05-26 20:00:00,33.522552,12,-1.0
54317,2018-05-26 20:30:00,31.46228,12,-1.0
54318,2018-05-26 21:00:00,26.444723,12,-1.0
54319,2018-05-26 21:30:00,24.397148,12,-1.0
54320,2018-05-26 22:00:00,19.679674,12,-1.0
54321,2018-05-26 22:30:00,16.842514,12,-1.0
54322,2018-05-26 23:00:00,14.710044,12,-1.0
54323,2018-05-26 23:30:00,11.417373,12,-1.0
54324,2018-05-27 00:00:00,3.7367876,12,-1.0
54325,2018-05-27 07:00:00,3.7367876,12,-1.0
54326,2018-05-27 07:30:00,6.737788,12,3.0
54327,2018-05-27 08:00:00,9.662137,12,11.0
54328,2018-05-27 08:30:00,12.441267,12,12.0
54329,2018-05-27 09:00:00,17.8169,12,19.0
54330,2018-05-27 09:30:00,21.184484,12,17.0
54331,2018-05-27 10:00:00,28.860128,12,24.0
54332,2018-05-27 10:30:00,35.194828,12,39.0
54333,2018-05-27 11:00:00,40.332977,12,35.0
54334,2018-05-27 11:30:00,45.81268,12,57.0
54335,2018-05-27 12:00:00,52.701202,12,61.0
54336,2018-05-27 12:30:00,53.117645,12,57.0
54337,2018-05-27 13:00:00,55.233685,12,64.0
54338,2018-05-27 13:30:00,55.983685,12,69.0
54339,2018-05-27 14:00:00,54.483685,12,59.0
54340,2018-05-27 14:30:00,56.433685,12,72.0
54341,2018-05-27 15:00:00,55.983685,12,69.0
54342,2018-05-27 15:30:00,56.283688,12,71.0
54343,2018-05-27 16:00:00,49.542236,12,60.0
54344,2018-05-27 16:30:00,49.25601,12,65.0
54345,2018-05-27 17:00:00,43.852547,12,44.0
54346,2018-05-27 17:30:00,42.31055,12,43.0
54347,2018-05-27 18:00:00,39.772495,12,56.0
54348,2018-05-27 18:30:00,34.60058,12,35.0
54349,2018-05-27 19:00:00,34.093357,12,44.0
54350,2018-05-27 19:30:00,31.021444,12,37.0
54351,2018-05-27 20:00:00,28.441507,12,30.0
54352,2018-05-27 20:30:00,26.696234,12,32.0
54353,2018-05-27 21:00:00,23.607674,12,28.0
54354,2018-05-27 21:30:00,20.63622,12,-1.0
54355,2018-05-27 22:00:00,16.92548,12,-1.0
54356,2018-05-27 22:30:00,14.419328,12,-1.0
54357,2018-05-27 23:00:00,9.758037,12,-1.0
54358,2018-05-27 23:30:00,7.5283675,12,-1.0
54359,2018-05-28 00:00:00,2.5493762,12,-1.0
54360,2018-05-28 07:00:00,3.6894722,12,-1.0
54361,2018-05-28 07:30:00,6.151966,12,-1.0
54362,2018-05-28 08:00:00,6.3842854,12,3.0
54363,2018-05-28 08:30:00,9.300668,12,12.0
54364,2018-05-28 09:00:00,10.681801,12,16.0
54365,2018-05-28 09:30:00,12.815329,12,16.0
54366,2018-05-28 10:00:00,17.937967,12,19.0
54367,2018-05-28 10:30:00,21.105303,12,22.0
54368,2018-05-28 11:00:00,24.843603,12,20.0
54369,2018-05-28 11:30:00,26.541811,12,24.0
54370,2018-05-28 12:00:00,29.971977,12,27.0
54371,2018-05-28 12:30:00,31.836952,12,37.0
54372,2018-05-28 13:00:00,33.592224,12,42.0
54373,2018-05-28 13:30:00,32.842224,12,37.0
54374,2018-05-28 14:00:00,31.524933,12,32.0
54375,2018-05-28 14:30:00,30.474934,12,25.0
54376,2018-05-28 15:00:00,32.874935,12,41.0
54377,2018-05-28 15:30:00,31.224934,12,30.0
54378,2018-05-28 16:00:00,28.762474,12,32.0
54379,2018-05-28 16:30:00,26.392624,12,18.0
54380,2018-05-28 17:00:00,23.575747,12,16.0
54381,2018-05-28 17:30:00,24.205896,12,22.0
54382,2018-05-28 18:00:00,24.109066,12,18.0
54383,2018-05-28 18:30:00,23.689213,12,17.0
54384,2018-05-28 19:00:00,23.662743,12,20.0
54385,2018-05-28 19:30:00,24.142893,12,25.0
54386,2018-05-28 20:00:00,23.740938,12,20.0
54387,2018-05-28 20:30:00,24.371086,12,26.0
54388,2018-05-28 21:00:00,23.68935,12,27.0
54389,2018-05-28 21:30:00,20.550047,12,11.0
54390,2018-05-28 22:00:00,18.000692,12,19.0
54391,2018-05-28 22:30:00,15.326849,12,13.0
54392,2018-05-28 23:00:00,12.838978,12,13.0
54393,2018-05-28 23:30:00,10.666852,12,13.0
54394,2018-05-29 00:00:00,3.1848547,12,-1.0
54395,2018-05-29 07:00:00,3.3912303,12,1.0
54396,2018-05-29 07:30:00,6.519972,12,5.0
54397,2018-05-29 08:00:00,8.730189,12,6.0
54398,2018-05-29 08:30:00,9.715187,12,7.0
54399,2018-05-29 09:00:00,12.157517,12,10.0
54400,2018-05-29 09:30:00,14.379483,12,10.0
54401,2018-05-29 10:00:00,18.670904,12,19.0
54402,2018-05-29 10:30:00,21.628864,12,23.0
54403,2018-05-29 11:00:00,25.752018,12,23.0
54404,2018-05-29 11:30:00,27.72494,12,27.0
54405,2018-05-29 12:00:00,29.980392,12,24.0
54406,2018-05-29 12:30:00,31.670084,12,31.0
54407,2018-05-29 13:00:00,32.54222,12,35.0
54408,2018-05-29 13:30:00,31.492224,12,28.0
54409,2018-05-29 14:00:00,33.174934,12,43.0
54410,2018-05-29 14:30:00,32.724934,12,40.0
54411,2018-05-29 15:00:00,31.824934,12,34.0
54412,2018-05-29 15:30:00,31.524933,12,32.0
54413,2018-05-29 16:00:00,30.412476,12,43.0
54414,2018-05-29 16:30:00,28.792624,12,34.0
54415,2018-05-29 17:00:00,26.725746,12,37.0
54416,2018-05-29 17:30:00,25.855898,12,33.0
54417,2018-05-29 18:00:00,25.309065,12,26.0
54418,2018-05-29 18:30:00,25.639214,12,30.0
54419,2018-05-29 19:00:00,24.112743,12,23.0
54420,2018-05-29 19:30:00,22.642893,12,15.0
54421,2018-05-29 20:00:00,24.731337,12,25.0
54422,2018-05-29 20:30:00,23.861485,12,21.0
54423,2018-05-29 21:00:00,24.529749,12,31.0
54424,2018-05-29 21:30:00,23.190445,12,27.0
54425,2018-05-29 22:00:00,18.691092,12,22.0
54426,2018-05-29 22:30:00,16.530643,12,17.0
54427,2018-05-29 23:00:00,13.4424095,12,16.0
54428,2018-05-29 23:30:00,11.483678,12,15.0
54429,2018-05-30 00:00:00,3.864702,12,-1.0
54430,2018-05-30 07:00:00,4.514494,12,7.0
54431,2018-05-30 07:30:00,8.140473,12,10.0
54432,2018-05-30 08:00:00,9.949233,12,12.0
54433,2018-05-30 08:30:00,10.743149,12,10.0
54434,2018-05-30 09:00:00,13.272548,12,16.0
54435,2018-05-30 09:30:00,14.513575,12,9.0
54436,2018-05-30 10:00:00,19.072634,12,20.0
54437,2018-05-30 10:30:00,21.612955,12,21.0
54438,2018-05-30 11:00:00,25.752018,12,23.0
54439,2018-05-30 11:30:00,28.62494,12,33.0
54440,2018-05-30 12:00:00,30.280392,12,26.0
54441,2018-05-30 12:30:00,32.120083,12,34.0
54442,2018-05-30 13:00:00,32.092224,12,32.0
54443,2018-05-30 13:30:00,34.49222,12,48.0
54444,2018-05-30 14:00:00,32.724934,12,40.0
54445,2018-05-30 14:30:00,32.274933,12,37.0
54446,2018-05-30 15:00:00,33.024933,12,42.0
54447,2018-05-30 15:30:00,31.374933,12,31.0
54448,2018-05-30 16:00:00,29.512474,12,37.0
54449,2018-05-30 16:30:00,27.592623,12,26.0
54450,2018-05-30 17:00:00,25.225746,12,27.0
54451,2018-05-30 17:30:00,25.705896,12,32.0
54452,2018-05-30 18:00:00,24.109066,12,18.0
54453,2018-05-30 18:30:00,25.039213,12,26.0
54454,2018-05-30 19:00:00,23.812742,12,21.0
54455,2018-05-30 19:30:00,23.692892,12,22.0
54456,2018-05-30 20:00:00,24.881336,12,26.0
54457,2018-05-30 20:30:00,24.311485,12,24.0
54458,2018-05-30 21:00:00,22.72975,12,19.0
54459,2018-05-30 21:30:00,22.890446,12,25.0
54460,2018-05-30 22:00:00,18.24109,12,19.0
54461,2018-05-30 22:30:00,16.680643,12,18.0
54462,2018-05-30 23:00:00,13.399936,12,12.0
54463,2018-05-30 23:30:00,10.859045,12,9.0
54464,2018-05-31 00:00:00,4.094763,12,-1.0
54465,2018-05-31 07:00:00,4.5305486,12,7.0
54466,2018-05-31 07:30:00,7.3904734,12,5.0
54467,2018-05-31 08:00:00,10.712807,12,16.0
54468,2018-05-31 08:30:00,9.993149,12,5.0
54469,2018-05-31 09:00:00,12.522548,12,11.0
54470,2018-05-31 09:30:00,15.263575,12,14.0
54471,2018-05-31 10:00:00,17.722633,12,11.0
54472,2018-05-31 10:30:00,21.762955,12,22.0
54473,2018-05-31 11:00:00,26.352016,12,27.0
54474,2018-05-31 11:30:00,28.02494,12,29.0
54475,2018-05-31 12:00:00,29.980392,12,24.0
54476,2018-05-31 12:30:00,31.070084,12,27.0
54477,2018-05-31 13:00:00,34.49222,12,48.0
54478,2018-05-31 13:30:00,32.24222,12,33.0
54479,2018-05-31 14:00:00,31.974934,12,35.0
54480,2018-05-31 14:30:00,30.624933,12,26.0
54481,2018-05-31 15:00:00,31.074934,12,29.0
54482,2018-05-31 15:30:00,30.774933,12,27.0
54483,2018-05-31 16:00:00,29.212475,12,35.0
54484,2018-05-31 16:30:00,27.742622,12,27.0
54485,2018-05-31 17:00:00,25.525747,12,29.0
54486,2018-05-31 17:30:00,26.605898,12,38.0
54487,2018-05-31 18:00:00,24.559065,12,21.0
54488,2018-05-31 18:30:00,25.189213,12,27.0
54489,2018-05-31 19:00:00,23.812742,12,21.0
54490,2018-05-31 19:30:00,23.542892,12,21.0
54491,2018-05-31 20:00:00,26.231337,12,35.0
54492,2018-05-31 20:30:00,24.311485,12,24.0
54493,2018-05-31 21:00:00,24.529749,12,31.0
54494,2018-05-31 21:30:00,22.890446,12,25.0
54495,2018-05-31 22:00:00,18.841091,12,23.0
54496,2018-05-31 22:30:00,16.680643,12,18.0
54497,2018-05-31 23:00:00,13.745658,12,13.0
54498,2018-05-31 23:30:00,11.204767,12,10.0
54499,2018-06-01 00:00:00,4.6217833,12,-1.0
54500,2018-06-01 07:00:00,4.678516,12,5.0
54501,2018-06-01 07:30:00,8.449934,12,10.0
54502,2018-06-01 08:00:00,10.066701,12,10.0
54503,2018-06-01 08:30:00,11.048304,12,9.0
54504,2018-06-01 09:00:00,13.162086,12,12.0
54505,2018-06-01 09:30:00,16.109177,12,14.0
54506,2018-06-01 10:00:00,20.716,12,23.0
54507,2018-06-01 10:30:00,23.244589,12,24.0
54508,2018-06-01 11:00:00,27.407846,12,28.0
54509,2018-06-01 11:30:00,28.930769,12,29.0
54510,2018-06-01 12:00:00,29.836218,12,17.0
54511,2018-06-01 12:30:00,33.325916,12,36.0
54512,2018-06-01 13:00:00,34.19805,12,40.0
54513,2018-06-01 13:30:00,32.098053,12,26.0
54514,2018-06-01 14:00:00,35.55263,12,51.0
54515,2018-06-01 14:30:00,33.90263,12,40.0
54516,2018-06-01 15:00:00,34.20263,12,42.0
54517,2018-06-01 15:30:00,32.40263,12,30.0
54518,2018-06-01 16:00:00,30.031874,12,29.0
54519,2018-06-01 16:30:00,29.879858,12,30.0
54520,2018-06-01 17:00:00,28.38816,12,30.0
54521,2018-06-01 17:30:00,27.186146,12,24.0
54522,2018-06-01 18:00:00,28.817833,12,30.0
54523,2018-06-01 18:30:00,28.815817,12,32.0
54524,2018-06-01 19:00:00,27.952665,12,27.0
54525,2018-06-01 19:30:00,28.40065,12,32.0
54526,2018-06-01 20:00:00,27.20457,12,25.0
54527,2018-06-01 20:30:00,27.352556,12,28.0
54528,2018-06-01 21:00:00,26.85962,12,32.0
54529,2018-06-01 21:30:00,25.666578,12,27.0
54530,2018-06-01 22:00:00,20.458069,12,18.0
54531,2018-06-01 22:30:00,18.74388,12,14.0
54532,2018-06-01 23:00:00,16.227137,12,16.0
54533,2018-06-01 23:30:00,14.427454,12,18.0
54534,2018-06-02 00:00:00,4.975941,12,7.0
54535,2018-06-02 07:00:00,4.825941,12,6.0
54536,2018-06-02 07:30:00,9.878629,12,16.0
54537,2018-06-02 08:00:00,11.84087,12,8.0
54538,2018-06-02 08:30:00,16.51074,12,21.0
54539,2018-06-02 09:00:00,19.623556,12,23.0
54540,2018-06-02 09:30:00,24.571238,12,30.0
54541,2018-06-02 10:00:00,31.745028,12,39.0
54542,2018-06-02 10:30:00,33.96656,12,39.0
54543,2018-06-02 11:00:00,42.37025,12,45.0
54544,2018-06-02 11:30:00,44.846493,12,48.0
54545,2018-06-02 12:00:00,52.488476,12,56.0
54546,2018-06-02 12:30:00,54.701458,12,65.0
54547,2018-06-02 13:00:00,54.225605,12,50.0
54548,2018-06-02 13:30:00,56.625607,12,66.0
54549,2018-06-02 14:00:00,57.825603,12,74.0
54550,2018-06-02 14:30:00,54.225605,12,50.0
54551,2018-06-02 15:00:00,56.625607,12,66.0
54552,2018-06-02 15:30:00,56.925606,12,68.0
54553,2018-06-02 16:00:00,50.41758,12,55.0
54554,2018-06-02 16:30:00,50.777325,12,61.0
54555,2018-06-02 17:00:00,44.91043,12,46.0
54556,2018-06-02 17:30:00,45.964397,12,59.0
54557,2018-06-02 18:00:00,41.347565,12,49.0
54558,2018-06-02 18:30:00,40.477062,12,50.0
54559,2018-06-02 19:00:00,38.176224,12,50.0
54560,2018-06-02 19:30:00,35.05572,12,36.0
54561,2018-06-02 20:00:00,33.894173,12,36.0
54562,2018-06-02 20:30:00,32.624348,12,34.0
54563,2018-06-02 21:00:00,26.86441,12,28.0
54564,2018-06-02 21:30:00,25.783806,12,25.0
54565,2018-06-02 22:00:00,20.732376,12,22.0
54566,2018-06-02 22:30:00,20.030626,12,26.0
54567,2018-06-02 23:00:00,16.658192,12,23.0
54568,2018-06-02 23:30:00,12.5642,12,9.0
54569,2018-06-03 00:00:00,4.2638083,12,-1.0
54570,2018-06-03 07:00:00,4.074237,12,3.0
54571,2018-06-03 07:30:00,7.4823875,12,7.0
54572,2018-06-03 08:00:00,10.741363,12,16.0
54573,2018-06-03 08:30:00,12.435865,12,11.0
54574,2018-06-03 09:00:00,18.146126,12,19.0
54575,2018-06-03 09:30:00,22.077658,12,26.0
54576,2018-06-03 10:00:00,30.089352,12,30.0
54577,2018-06-03 10:30:00,36.088,12,48.0
54578,2018-06-03 11:00:00,42.407684,12,44.0
54579,2018-06-03 11:30:00,47.137386,12,61.0
54580,2018-06-03 12:00:00,52.67591,12,56.0
54581,2018-06-03 12:30:00,54.59235,12,62.0
54582,2018-06-03 13:00:00,56.873596,12,66.0
54583,2018-06-03 13:30:00,57.173595,12,68.0
54584,2018-06-03 14:00:00,58.523594,12,77.0
54585,2018-06-03 14:30:00,61.373596,12,96.0
54586,2018-06-03 15:00:00,56.423595,12,63.0
54587,2018-06-03 15:30:00,55.673595,12,58.0
54588,2018-06-03 16:00:00,50.282143,12,56.0
54589,2018-06-03 16:30:00,50.627323,12,60.0
54590,2018-06-03 17:00:00,43.102547,12,39.0
54591,2018-06-03 17:30:00,46.691956,12,67.0
54592,2018-06-03 18:00:00,39.772495,12,56.0
54593,2018-06-03 18:30:00,35.981987,12,39.0
54594,2018-06-03 19:00:00,34.093357,12,44.0
54595,2018-06-03 19:30:00,30.902851,12,31.0
54596,2018-06-03 20:00:00,29.041508,12,34.0
54597,2018-06-03 20:30:00,25.82764,12,21.0
54598,2018-06-03 21:00:00,23.494068,12,26.0
54599,2018-06-03 21:30:00,22.408588,12,26.0
54600,2018-06-03 22:00:00,16.891314,12,12.0
54601,2018-06-03 22:30:00,16.892492,12,21.0
54602,2018-06-03 23:00:00,10.348986,12,9.0
54603,2018-06-03 23:30:00,8.9301195,12,9.0
54604,2018-06-04 00:00:00,3.0763967,12,-1.0
54605,2018-06-04 07:00:00,4.034019,12,3.0
54606,2018-06-04 07:30:00,7.176987,12,10.0
54607,2018-06-04 08:00:00,7.52686,12,7.0
54608,2018-06-04 08:30:00,8.545267,12,6.0
54609,2018-06-04 09:00:00,9.685694,12,9.0
54610,2018-06-04 09:30:00,12.0899935,12,13.0
54611,2018-06-04 10:00:00,17.032797,12,10.0
54612,2018-06-04 10:30:00,20.546658,12,15.0
54613,2018-06-04 11:00:00,25.29943,12,17.0
54614,2018-06-04 11:30:00,28.197638,12,29.0
54615,2018-06-04 12:00:00,31.777807,12,33.0
54616,2018-06-04 12:30:00,33.79278,12,44.0
54617,2018-06-04 13:00:00,33.898052,12,38.0
54618,2018-06-04 13:30:00,32.848053,12,31.0
54619,2018-06-04 14:00:00,31.65263,12,25.0
54620,2018-06-04 14:30:00,31.80263,12,26.0
54621,2018-06-04 15:00:00,33.45263,12,37.0
54622,2018-06-04 15:30:00,32.55263,12,31.0
54623,2018-06-04 16:00:00,29.581873,12,26.0
54624,2018-06-04 16:30:00,29.005148,12,22.0
54625,2018-06-04 17:00:00,27.78816,12,26.0
54626,2018-06-04 17:30:00,27.811436,12,26.0
54627,2018-06-04 18:00:00,28.64876,12,30.0
54628,2018-06-04 18:30:00,28.672035,12,30.0
54629,2018-06-04 19:00:00,28.383593,12,31.0
54630,2018-06-04 19:30:00,27.206867,12,23.0
54631,2018-06-04 20:00:00,26.345098,12,22.0
54632,2018-06-04 20:30:00,27.118374,12,27.0
54633,2018-06-04 21:00:00,25.250149,12,24.0
54634,2018-06-04 21:30:00,26.032398,12,30.0
54635,2018-06-04 22:00:00,20.948597,12,24.0
54636,2018-06-04 22:30:00,18.146305,12,13.0
54637,2018-06-04 23:00:00,14.120458,12,8.0
54638,2018-06-04 23:30:00,12.114829,12,7.0
54639,2018-06-05 00:00:00,3.7118752,12,-1.0
54640,2018-06-05 07:00:00,4.4391975,12,5.0
54641,2018-06-05 07:30:00,8.167788,12,13.0
54642,2018-06-05 08:00:00,10.559415,12,16.0
54643,2018-06-05 08:30:00,10.009786,12,8.0
54644,2018-06-05 09:00:00,12.936744,12,13.0
54645,2018-06-05 09:30:00,14.979484,12,14.0
54646,2018-06-05 10:00:00,21.716816,12,32.0
54647,2018-06-05 10:30:00,23.44555,12,30.0
54648,2018-06-05 11:00:00,26.657846,12,23.0
54649,2018-06-05 11:30:00,28.03077,12,23.0
54650,2018-06-05 12:00:00,31.786219,12,30.0
54651,2018-06-05 12:30:00,33.475914,12,37.0
54652,2018-06-05 13:00:00,34.19805,12,40.0
54653,2018-06-05 13:30:00,33.298054,12,34.0
54654,2018-06-05 14:00:00,32.70263,12,32.0
54655,2018-06-05 14:30:00,34.95263,12,47.0
54656,2018-06-05 15:00:00,36.00263,12,54.0
54657,2018-06-05 15:30:00,32.85263,12,33.0
54658,2018-06-05 16:00:00,31.981873,12,42.0
54659,2018-06-05 16:30:00,31.40515,12,38.0
54660,2018-06-05 17:00:00,30.18816,12,42.0
54661,2018-06-05 17:30:00,28.411436,12,30.0
54662,2018-06-05 18:00:00,28.04876,12,26.0
54663,2018-06-05 18:30:00,28.072035,12,26.0
54664,2018-06-05 19:00:00,29.283592,12,37.0
54665,2018-06-05 19:30:00,26.756866,12,20.0
54666,2018-06-05 20:00:00,27.335497,12,27.0
54667,2018-06-05 20:30:00,26.908773,12,24.0
54668,2018-06-05 21:00:00,25.940546,12,27.0
54669,2018-06-05 21:30:00,23.872797,12,14.0
54670,2018-06-05 22:00:00,21.338995,12,25.0
54671,2018-06-05 22:30:00,19.500097,12,18.0
54672,2018-06-05 23:00:00,15.77389,12,18.0
54673,2018-06-05 23:30:00,12.481654,12,6.0
54674,2018-06-06 00:00:00,4.3329644,12,4.0
54675,2018-06-06 07:00:00,4.062462,12,1.0
54676,2018-06-06 07:30:00,8.435072,12,11.0
54677,2018-06-06 08:00:00,10.578459,12,14.0
54678,2018-06-06 08:30:00,11.187748,12,12.0
54679,2018-06-06 09:00:00,13.151773,12,13.0
54680,2018-06-06 09:30:00,16.463573,12,22.0
54681,2018-06-06 10:00:00,20.168547,12,20.0
54682,2018-06-06 10:30:00,24.029642,12,32.0
54683,2018-06-06 11:00:00,28.457846,12,35.0
54684,2018-06-06 11:30:00,29.53077,12,33.0
54685,2018-06-06 12:00:00,31.936218,12,31.0
54686,2018-06-06 12:30:00,31.825914,12,26.0
54687,2018-06-06 13:00:00,37.348053,12,61.0
54688,2018-06-06 13:30:00,33.148052,12,33.0
54689,2018-06-06 14:00:00,33.90263,12,40.0
54690,2018-06-06 14:30:00,33.60263,12,38.0
54691,2018-06-06 15:00:00,33.45263,12,37.0
54692,2018-06-06 15:30:00,35.10263,12,48.0
54693,2018-06-06 16:00:00,31.081873,12,36.0
54694,2018-06-06 16:30:00,31.105148,12,36.0
54695,2018-06-06 17:00:00,28.988161,12,34.0
54696,2018-06-06 17:30:00,28.561436,12,31.0
54697,2018-06-06 18:00:00,30.14876,12,40.0
54698,2018-06-06 18:30:00,28.672035,12,30.0
54699,2018-06-06 19:00:00,28.533592,12,32.0
54700,2018-06-06 19:30:00,28.706867,12,33.0
54701,2018-06-06 20:00:00,29.285498,12,40.0
54702,2018-06-06 20:30:00,26.458773,12,21.0
54703,2018-06-06 21:00:00,26.690546,12,32.0
54704,2018-06-06 21:30:00,25.972797,12,28.0
54705,2018-06-06 22:00:00,20.738995,12,21.0
54706,2018-06-06 22:30:00,20.550097,12,25.0
54707,2018-06-06 23:00:00,16.481415,12,19.0
54708,2018-06-06 23:30:00,13.35702,12,10.0
54709,2018-06-07 00:00:00,4.6217833,12,-1.0
54710,2018-06-07 07:00:00,4.528516,12,4.0
54711,2018-06-07 07:30:00,8.135073,12,9.0
54712,2018-06-07 08:00:00,10.142033,12,10.0
54713,2018-06-07 08:30:00,10.737748,12,9.0
54714,2018-06-07 09:00:00,13.751774,12,17.0
54715,2018-06-07 09:30:00,15.713574,12,17.0
54716,2018-06-07 10:00:00,20.018547,12,19.0
54717,2018-06-07 10:30:00,22.379642,12,21.0
54718,2018-06-07 11:00:00,27.707846,12,30.0
54719,2018-06-07 11:30:00,28.180769,12,24.0
54720,2018-06-07 12:00:00,31.336218,12,27.0
54721,2018-06-07 12:30:00,34.225914,12,42.0
54722,2018-06-07 13:00:00,32.398052,12,28.0
54723,2018-06-07 13:30:00,35.398052,12,48.0
54724,2018-06-07 14:00:00,34.20263,12,42.0
54725,2018-06-07 14:30:00,33.15263,12,35.0
54726,2018-06-07 15:00:00,34.50263,12,44.0
54727,2018-06-07 15:30:00,33.30263,12,36.0
54728,2018-06-07 16:00:00,30.331873,12,31.0
54729,2018-06-07 16:30:00,30.205149,12,30.0
54730,2018-06-07 17:00:00,29.588161,12,38.0
54731,2018-06-07 17:30:00,28.261436,12,29.0
54732,2018-06-07 18:00:00,28.49876,12,29.0
54733,2018-06-07 18:30:00,26.722034,12,17.0
54734,2018-06-07 19:00:00,27.933594,12,28.0
54735,2018-06-07 19:30:00,28.256866,12,30.0
54736,2018-06-07 20:00:00,27.785498,12,30.0
54737,2018-06-07 20:30:00,26.308773,12,20.0
54738,2018-06-07 21:00:00,26.240547,12,29.0
54739,2018-06-07 21:30:00,25.822796,12,27.0
54740,2018-06-07 22:00:00,21.038996,12,23.0
54741,2018-06-07 22:30:00,19.800097,12,20.0
54742,2018-06-07 23:00:00,16.977137,12,21.0
54743,2018-06-07 23:30:00,13.702743,12,11.0
54744,2018-06-08 00:00:00,4.6217833,12,-1.0
54745,2018-06-08 07:00:00,4.3785157,12,3.0
54746,2018-06-08 07:30:00,8.449934,12,10.0
54747,2018-06-08 08:00:00,10.216701,12,11.0
54748,2018-06-08 08:30:00,11.348303,12,11.0
54749,2018-06-08 09:00:00,12.862085,12,10.0
54750,2018-06-08 09:30:00,16.709177,12,18.0
54751,2018-06-08 10:00:00,20.116,12,19.0
54752,2018-06-08 10:30:00,22.794588,12,21.0
54753,2018-06-08 11:00:00,27.857845,12,31.0
54754,2018-06-08 11:30:00,27.730768,12,21.0
54755,2018-06-08 12:00:00,32.536217,12,35.0
54756,2018-06-08 12:30:00,32.275913,12,29.0
54757,2018-06-08 13:00:00,34.648052,12,43.0
54758,2018-06-08 13:30:00,33.898052,12,38.0
54759,2018-06-08 14:00:00,33.90263,12,40.0
54760,2018-06-08 14:30:00,34.20263,12,42.0
54761,2018-06-08 15:00:00,32.55263,12,31.0
54762,2018-06-08 15:30:00,32.85263,12,33.0
54763,2018-06-08 16:00:00,29.581873,12,26.0
54764,2018-06-08 16:30:00,28.979858,12,24.0
54765,2018-06-08 17:00:00,28.38816,12,30.0
54766,2018-06-08 17:30:00,28.386145,12,32.0
54767,2018-06-08 18:00:00,28.817833,12,30.0
54768,2018-06-08 18:30:00,28.965818,12,33.0
54769,2018-06-08 19:00:00,28.552666,12,31.0
54770,2018-06-08 19:30:00,27.800652,12,28.0
54771,2018-06-08 20:00:00,27.804571,12,29.0
54772,2018-06-08 20:30:00,26.452555,12,22.0
54773,2018-06-08 21:00:00,26.25962,12,28.0
54774,2018-06-08 21:30:00,24.46658,12,19.0
54775,2018-06-08 22:00:00,21.508068,12,25.0
54776,2018-06-08 22:30:00,20.393879,12,25.0
54777,2018-06-08 23:00:00,17.577137,12,25.0
54778,2018-06-08 23:30:00,14.127454,12,16.0
54779,2018-06-09 00:00:00,4.225941,12,2.0
54780,2018-06-09 07:00:00,4.675941,12,5.0
54781,2018-06-09 07:30:00,8.528628,12,7.0
54782,2018-06-09 08:00:00,12.55842,12,15.0
54783,2018-06-09 08:30:00,15.636847,12,20.0
54784,2018-06-09 09:00:00,19.02347,12,22.0
54785,2018-06-09 09:30:00,22.418785,12,19.0
54786,2018-06-09 10:00:00,22.606258,12,29.0
54787,2018-06-09 10:30:00,26.597633,12,36.0
54788,2018-06-09 11:00:00,32.938038,12,57.0
54789,2018-06-09 11:30:00,33.453537,12,53.0
54790,2018-06-09 12:00:00,33.716415,12,35.0
54791,2018-06-09 12:30:00,37.69868,12,59.0
54792,2018-06-09 13:00:00,36.215996,12,44.0
54793,2018-06-09 13:30:00,37.715996,12,54.0
54794,2018-06-09 14:00:00,37.180058,12,52.0
54795,2018-06-09 14:30:00,38.230057,12,59.0
54796,2018-06-09 15:00:00,35.980057,12,44.0
54797,2018-06-09 15:30:00,36.28006,12,46.0
54798,2018-06-09 16:00:00,35.33306,12,60.0
54799,2018-06-09 16:30:00,34.18606,12,54.0
54800,2018-06-09 17:00:00,30.899555,12,40.0
54801,2018-06-09 17:30:00,31.34678,12,47.0
54802,2018-06-09 18:00:00,33.42348,12,43.0
54803,2018-06-09 18:30:00,33.720707,12,49.0
54804,2018-06-09 19:00:00,33.741776,12,44.0
54805,2018-06-09 19:30:00,31.189003,12,31.0
54806,2018-06-09 20:00:00,32.343002,12,38.0
54807,2018-06-09 20:30:00,30.590908,12,30.0
54808,2018-06-09 21:00:00,27.869585,12,35.0
54809,2018-06-09 21:30:00,25.432236,12,21.0
54810,2018-06-09 22:00:00,20.802376,12,21.0
54811,2018-06-09 22:30:00,18.74388,12,14.0
54812,2018-06-09 23:00:00,15.671445,12,13.0
54813,2018-06-09 23:30:00,12.777454,12,7.0
54814,2018-06-10 00:00:00,4.2638083,12,-1.0
54815,2018-06-10 07:00:00,4.224237,12,4.0
54816,2018-06-10 07:30:00,6.7323875,12,2.0
54817,2018-06-10 08:00:00,9.091363,12,5.0
54818,2018-06-10 08:30:00,12.435865,12,11.0
54819,2018-06-10 09:00:00,16.049732,12,11.0
54820,2018-06-10 09:30:00,20.281265,12,20.0
54821,2018-06-10 10:00:00,30.09296,12,36.0
54822,2018-06-10 10:30:00,31.141607,12,21.0
54823,2018-06-10 11:00:00,42.039978,12,46.0
54824,2018-06-10 11:30:00,43.61968,12,42.0
54825,2018-06-10 12:00:00,48.7082,12,34.0
54826,2018-06-10 12:30:00,52.274647,12,51.0
54827,2018-06-10 13:00:00,51.541813,12,48.0
54828,2018-06-10 13:30:00,50.64181,12,42.0
54829,2018-06-10 14:00:00,54.69181,12,69.0
54830,2018-06-10 14:30:00,54.39181,12,67.0
54831,2018-06-10 15:00:00,52.14181,12,52.0
54832,2018-06-10 15:30:00,55.291813,12,73.0
54833,2018-06-10 16:00:00,49.164436,12,53.0
54834,2018-06-10 16:30:00,49.059616,12,54.0
54835,2018-06-10 17:00:00,41.984844,12,36.0
54836,2018-06-10 17:30:00,43.17425,12,48.0
54837,2018-06-10 18:00:00,37.222496,12,39.0
54838,2018-06-10 18:30:00,35.831985,12,38.0
54839,2018-06-10 19:00:00,31.69336,12,28.0
54840,2018-06-10 19:30:00,31.202852,12,33.0
54841,2018-06-10 20:00:00,29.491507,12,37.0
54842,2018-06-10 20:30:00,26.127642,12,23.0
54843,2018-06-10 21:00:00,23.79407,12,28.0
54844,2018-06-10 21:30:00,22.558588,12,27.0
54845,2018-06-10 22:00:00,18.091312,12,20.0
54846,2018-06-10 22:30:00,17.909693,12,21.0
54847,2018-06-10 23:00:00,10.348986,12,9.0
54848,2018-06-10 23:30:00,9.797322,12,8.0
54849,2018-06-11 00:00:00,3.0763967,12,-1.0
54850,2018-06-11 07:00:00,3.781802,12,3.0
54851,2018-06-11 07:30:00,6.0247703,12,4.0
54852,2018-06-11 08:00:00,7.198502,12,3.0
54853,2018-06-11 08:30:00,10.108353,12,12.0
54854,2018-06-11 09:00:00,11.699162,12,12.0
54855,2018-06-11 09:30:00,15.714706,12,22.0
54856,2018-06-11 10:00:00,28.172647,12,29.0
54857,2018-06-11 10:30:00,31.518032,12,33.0
54858,2018-06-11 11:00:00,38.63165,12,31.0
54859,2018-06-11 11:30:00,43.19059,12,48.0
54860,2018-06-11 12:00:00,48.74987,12,42.0
54861,2018-06-11 12:30:00,51.69556,12,56.0
54862,2018-06-11 13:00:00,52.526962,12,52.0
54863,2018-06-11 13:30:00,52.676964,12,53.0
54864,2018-06-11 14:00:00,53.51748,12,59.0
54865,2018-06-11 14:30:00,52.46748,12,52.0
54866,2018-06-11 15:00:00,51.71748,12,47.0
54867,2018-06-11 15:30:00,53.067482,12,56.0
54868,2018-06-11 16:00:00,47.36639,12,39.0
54869,2018-06-11 16:30:00,47.996407,12,45.0
54870,2018-06-11 17:00:00,44.94904,12,53.0
54871,2018-06-11 17:30:00,43.62905,12,46.0
54872,2018-06-11 18:00:00,36.722847,12,37.0
54873,2018-06-11 18:30:00,36.02839,12,35.0
54874,2018-06-11 19:00:00,32.218033,12,33.0
54875,2018-06-11 19:30:00,29.27358,12,16.0
54876,2018-06-11 20:00:00,27.44649,12,19.0
54877,2018-06-11 20:30:00,27.502037,12,22.0
54878,2018-06-11 21:00:00,24.6952,12,22.0
54879,2018-06-11 21:30:00,22.784193,12,12.0
54880,2018-06-11 22:00:00,18.478827,12,11.0
54881,2018-06-11 22:30:00,17.933279,12,17.0
54882,2018-06-11 23:00:00,13.907204,12,10.0
54883,2018-06-11 23:30:00,11.601575,12,7.0
54884,2018-06-12 00:00:00,3.7118752,12,-1.0
54885,2018-06-12 07:00:00,3.5869808,12,1.0
54886,2018-06-12 07:30:00,6.4155703,12,3.0
54887,2018-06-12 08:00:00,8.503809,12,2.0
54888,2018-06-12 08:30:00,9.845624,12,4.0
54889,2018-06-12 09:00:00,11.97505,12,6.0
54890,2018-06-12 09:30:00,14.731935,12,9.0
54891,2018-06-12 10:00:00,26.505585,12,13.0
54892,2018-06-12 10:30:00,29.341589,12,16.0
54893,2018-06-12 11:00:00,36.840065,12,16.0
54894,2018-06-12 11:30:00,38.97372,12,15.0
54895,2018-06-12 12:00:00,45.608288,12,18.0
54896,2018-06-12 12:30:00,47.17869,12,21.0
54897,2018-06-12 13:00:00,48.176964,12,23.0
54898,2018-06-12 13:30:00,49.07696,12,29.0
54899,2018-06-12 14:00:00,48.567482,12,26.0
54900,2018-06-12 14:30:00,49.317482,12,31.0
54901,2018-06-12 15:00:00,50.51748,12,39.0
54902,2018-06-12 15:30:00,48.567482,12,26.0
54903,2018-06-12 16:00:00,49.166393,12,51.0
54904,2018-06-12 16:30:00,44.846405,12,24.0
54905,2018-06-12 17:00:00,40.299038,12,22.0
54906,2018-06-12 17:30:00,42.12905,12,36.0
54907,2018-06-12 18:00:00,35.822845,12,31.0
54908,2018-06-12 18:30:00,34.978386,12,28.0
54909,2018-06-12 19:00:00,30.868034,12,24.0
54910,2018-06-12 19:30:00,29.723581,12,19.0
54911,2018-06-12 20:00:00,29.936659,12,32.0
54912,2018-06-12 20:30:00,28.492207,12,25.0
54913,2018-06-12 21:00:00,24.785372,12,19.0
54914,2018-06-12 21:30:00,25.274364,12,25.0
54915,2018-06-12 22:00:00,21.268995,12,26.0
54916,2018-06-12 22:30:00,20.486845,12,28.0
54917,2018-06-12 23:00:00,15.260635,12,18.0
54918,2018-06-12 23:30:00,12.118401,12,7.0
54919,2018-06-13 00:00:00,3.8829644,12,1.0
54920,2018-06-13 07:00:00,4.962462,12,7.0
54921,2018-06-13 07:30:00,9.3350725,12,17.0
54922,2018-06-13 08:00:00,10.278459,12,12.0
54923,2018-06-13 08:30:00,11.487748,12,14.0
54924,2018-06-13 09:00:00,12.701774,12,10.0
54925,2018-06-13 09:30:00,14.963574,12,12.0
54926,2018-06-13 10:00:00,20.168547,12,20.0
54927,2018-06-13 10:30:00,23.429644,12,28.0
54928,2018-06-13 11:00:00,28.007845,12,32.0
54929,2018-06-13 11:30:00,30.430769,12,39.0
54930,2018-06-13 12:00:00,31.936218,12,31.0
54931,2018-06-13 12:30:00,33.025913,12,34.0
54932,2018-06-13 13:00:00,33.598053,12,36.0
54933,2018-06-13 13:30:00,34.19805,12,40.0
54934,2018-06-13 14:00:00,33.30263,12,36.0
54935,2018-06-13 14:30:00,34.20263,12,42.0
54936,2018-06-13 15:00:00,33.30263,12,36.0
54937,2018-06-13 15:30:00,34.20263,12,42.0
54938,2018-06-13 16:00:00,30.481873,12,32.0
54939,2018-06-13 16:30:00,31.705149,12,40.0
54940,2018-06-13 17:00:00,29.588161,12,38.0
54941,2018-06-13 17:30:00,28.111437,12,28.0
54942,2018-06-13 18:00:00,29.09876,12,33.0
54943,2018-06-13 18:30:00,28.522036,12,29.0
54944,2018-06-13 19:00:00,28.683594,12,33.0
54945,2018-06-13 19:30:00,28.106867,12,29.0
54946,2018-06-13 20:00:00,28.235498,12,33.0
54947,2018-06-13 20:30:00,27.658773,12,29.0
54948,2018-06-13 21:00:00,26.540546,12,31.0
54949,2018-06-13 21:30:00,25.822796,12,27.0
54950,2018-06-13 22:00:00,19.988995,12,16.0
54951,2018-06-13 22:30:00,19.650097,12,19.0
54952,2018-06-13 23:00:00,15.881415,12,15.0
54953,2018-06-13 23:30:00,12.75702,12,6.0
54954,2018-06-14 00:00:00,4.078516,12,1.0
54955,2018-06-14 07:00:00,4.978516,12,7.0
54956,2018-06-14 07:30:00,8.285072,12,10.0
54957,2018-06-14 08:00:00,9.242033,12,4.0
54958,2018-06-14 08:30:00,11.337748,12,13.0
54959,2018-06-14 09:00:00,12.701774,12,10.0
54960,2018-06-14 09:30:00,16.463573,12,22.0
54961,2018-06-14 10:00:00,20.618547,12,23.0
54962,2018-06-14 10:30:00,22.229643,12,20.0
54963,2018-06-14 11:00:00,27.257845,12,27.0
54964,2018-06-14 11:30:00,29.230768,12,31.0
54965,2018-06-14 12:00:00,30.886219,12,24.0
54966,2018-06-14 12:30:00,32.425915,12,30.0
54967,2018-06-14 13:00:00,34.348053,12,41.0
54968,2018-06-14 13:30:00,32.398052,12,28.0
54969,2018-06-14 14:00:00,33.00263,12,34.0
54970,2018-06-14 14:30:00,34.80263,12,46.0
54971,2018-06-14 15:00:00,34.20263,12,42.0
54972,2018-06-14 15:30:00,33.60263,12,38.0
54973,2018-06-14 16:00:00,30.181873,12,30.0
54974,2018-06-14 16:30:00,30.65515,12,33.0
54975,2018-06-14 17:00:00,30.78816,12,46.0
54976,2018-06-14 17:30:00,28.861437,12,33.0
54977,2018-06-14 18:00:00,28.19876,12,27.0
54978,2018-06-14 18:30:00,29.422035,12,35.0
54979,2018-06-14 19:00:00,28.383593,12,31.0
54980,2018-06-14 19:30:00,27.806866,12,27.0
54981,2018-06-14 20:00:00,27.485498,12,28.0
54982,2018-06-14 20:30:00,26.908773,12,24.0
54983,2018-06-14 21:00:00,26.840548,12,33.0
54984,2018-06-14 21:30:00,25.222797,12,23.0
54985,2018-06-14 22:00:00,21.938995,12,29.0
54986,2018-06-14 22:30:00,19.350096,12,17.0
54987,2018-06-14 23:00:00,16.377136,12,17.0
54988,2018-06-14 23:30:00,13.702743,12,11.0
54989,2018-06-15 00:00:00,4.6217833,12,-1.0
54990,2018-06-15 07:00:00,4.3785157,12,3.0
54991,2018-06-15 07:30:00,8.449934,12,10.0
54992,2018-06-15 08:00:00,10.066701,12,10.0
54993,2018-06-15 08:30:00,11.648303,12,13.0
54994,2018-06-15 09:00:00,12.862085,12,10.0
54995,2018-06-15 09:30:00,15.509177,12,10.0
54996,2018-06-15 10:00:00,21.315998,12,27.0
54997,2018-06-15 10:30:00,23.09459,12,23.0
54998,2018-06-15 11:00:00,26.957846,12,25.0
54999,2018-06-15 11:30:00,30.28077,12,38.0
55000,2018-06-15 12:00:00,31.786219,12,30.0
55001,2018-06-15 12:30:00,33.175915,12,35.0
55002,2018-06-15 13:00:00,34.348053,12,41.0
55003,2018-06-15 13:30:00,32.098053,12,26.0
55004,2018-06-15 14:00:00,33.75263,12,39.0
55005,2018-06-15 14:30:00,33.75263,12,39.0
55006,2018-06-15 15:00:00,35.10263,12,48.0
55007,2018-06-15 15:30:00,32.70263,12,32.0
55008,2018-06-15 16:00:00,31.681873,12,40.0
55009,2018-06-15 16:30:00,31.229858,12,39.0
55010,2018-06-15 17:00:00,29.588161,12,38.0
55011,2018-06-15 17:30:00,28.836145,12,35.0
55012,2018-06-15 18:00:00,28.367832,12,27.0
55013,2018-06-15 18:30:00,28.965818,12,33.0
55014,2018-06-15 19:00:00,27.652666,12,25.0
55015,2018-06-15 19:30:00,27.200651,12,24.0
55016,2018-06-15 20:00:00,28.25457,12,32.0
55017,2018-06-15 20:30:00,27.652555,12,30.0
55018,2018-06-15 21:00:00,26.55962,12,30.0
55019,2018-06-15 21:30:00,24.766579,12,21.0
55020,2018-06-15 22:00:00,21.208069,12,23.0
55021,2018-06-15 22:30:00,21.443878,12,32.0
55022,2018-06-15 23:00:00,18.627136,12,32.0
55023,2018-06-15 23:30:00,13.977454,12,15.0
55024,2018-06-16 00:00:00,4.375941,12,3.0
55025,2018-06-16 07:00:00,4.525941,12,4.0
55026,2018-06-16 07:30:00,9.128629,12,11.0
55027,2018-06-16 08:00:00,12.29087,12,11.0
55028,2018-06-16 08:30:00,16.36074,12,20.0
55029,2018-06-16 09:00:00,18.723555,12,17.0
55030,2018-06-16 09:30:00,22.985651,12,19.0
55031,2018-06-16 10:00:00,31.895027,12,40.0
55032,2018-06-16 10:30:00,34.508087,12,35.0
55033,2018-06-16 11:00:00,41.020252,12,36.0
55034,2018-06-16 11:30:00,46.646492,12,60.0
55035,2018-06-16 12:00:00,51.138474,12,47.0
55036,2018-06-16 12:30:00,51.251457,12,42.0
55037,2018-06-16 13:00:00,53.19491,12,47.0
55038,2018-06-16 13:30:00,55.59491,12,63.0
55039,2018-06-16 14:00:00,57.84491,12,78.0
55040,2018-06-16 14:30:00,54.69491,12,57.0
55041,2018-06-16 15:00:00,54.69491,12,57.0
55042,2018-06-16 15:30:00,54.994907,12,59.0
55043,2018-06-16 16:00:00,50.41758,12,55.0
55044,2018-06-16 16:30:00,50.777325,12,61.0
55045,2018-06-16 17:00:00,46.110428,12,54.0
55046,2018-06-16 17:30:00,46.714397,12,64.0
55047,2018-06-16 18:00:00,41.797565,12,52.0
55048,2018-06-16 18:30:00,40.627064,12,51.0
55049,2018-06-16 19:00:00,36.976223,12,42.0
55050,2018-06-16 19:30:00,36.55572,12,46.0
55051,2018-06-16 20:00:00,33.894173,12,36.0
55052,2018-06-16 20:30:00,32.474346,12,33.0
55053,2018-06-16 21:00:00,27.76441,12,34.0
55054,2018-06-16 21:30:00,26.083805,12,27.0
55055,2018-06-16 22:00:00,19.832376,12,16.0
55056,2018-06-16 22:30:00,17.780626,12,11.0
55057,2018-06-16 23:00:00,15.458191,12,15.0
55058,2018-06-16 23:30:00,13.6142,12,16.0
55059,2018-06-17 00:00:00,4.2638083,12,-1.0
55060,2018-06-17 07:00:00,3.924237,12,2.0
55061,2018-06-17 07:30:00,7.632387,12,8.0
55062,2018-06-17 08:00:00,9.241363,12,6.0
55063,2018-06-17 08:30:00,12.585866,12,12.0
55064,2018-06-17 09:00:00,18.446125,12,21.0
55065,2018-06-17 09:30:00,21.392069,12,21.0
55066,2018-06-17 10:00:00,30.089352,12,30.0
55067,2018-06-17 10:30:00,34.652412,12,38.0
55068,2018-06-17 11:00:00,41.97288,12,37.0
55069,2018-06-17 11:30:00,46.552586,12,53.0
55070,2018-06-17 12:00:00,52.841106,12,53.0
55071,2018-06-17 12:30:00,54.15755,12,55.0
55072,2018-06-17 13:00:00,58.823593,12,79.0
55073,2018-06-17 13:30:00,56.423595,12,63.0
55074,2018-06-17 14:00:00,55.223595,12,55.0
55075,2018-06-17 14:30:00,56.873596,12,66.0
55076,2018-06-17 15:00:00,54.773594,12,52.0
55077,2018-06-17 15:30:00,54.623596,12,51.0
55078,2018-06-17 16:00:00,48.63214,12,45.0
55079,2018-06-17 16:30:00,50.177322,12,57.0
55080,2018-06-17 17:00:00,44.302547,12,47.0
55081,2018-06-17 17:30:00,42.341957,12,38.0
55082,2018-06-17 18:00:00,37.072495,12,38.0
55083,2018-06-17 18:30:00,34.181988,12,27.0
55084,2018-06-17 19:00:00,32.293358,12,32.0
55085,2018-06-17 19:30:00,30.752851,12,30.0
55086,2018-06-17 20:00:00,29.041508,12,34.0
55087,2018-06-17 20:30:00,26.57764,12,26.0
55088,2018-06-17 21:00:00,22.444069,12,19.0
55089,2018-06-17 21:30:00,22.258589,12,25.0
55090,2018-06-17 22:00:00,18.091312,12,20.0
55091,2018-06-17 22:30:00,14.942492,12,8.0
55092,2018-06-17 23:00:00,10.348986,12,9.0
55093,2018-06-17 23:30:00,8.9301195,12,9.0
55094,2018-06-18 00:00:00,3.0763967,12,-1.0
55095,2018-06-18 07:00:00,4.184019,12,4.0
55096,2018-06-18 07:30:00,5.9769874,12,2.0
55097,2018-06-18 08:00:00,7.3135104,12,7.0
55098,2018-06-18 08:30:00,8.845267,12,8.0
55099,2018-06-18 09:00:00,9.961028,12,9.0
55100,2018-06-18 09:30:00,11.315329,12,6.0
55101,2018-06-18 10:00:00,18.43388,12,15.0
55102,2018-06-18 10:30:00,21.571991,12,20.0
55103,2018-06-18 11:00:00,25.149431,12,16.0
55104,2018-06-18 11:30:00,27.147636,12,22.0
55105,2018-06-18 12:00:00,32.077805,12,35.0
55106,2018-06-18 12:30:00,31.24278,12,27.0
55107,2018-06-18 13:00:00,34.348053,12,41.0
55108,2018-06-18 13:30:00,34.498055,12,42.0
55109,2018-06-18 14:00:00,32.70263,12,32.0
55110,2018-06-18 14:30:00,32.85263,12,33.0
55111,2018-06-18 15:00:00,32.25263,12,29.0
55112,2018-06-18 15:30:00,32.40263,12,30.0
55113,2018-06-18 16:00:00,30.181873,12,30.0
55114,2018-06-18 16:30:00,30.80515,12,34.0
55115,2018-06-18 17:00:00,27.63816,12,25.0
55116,2018-06-18 17:30:00,28.711435,12,32.0
55117,2018-06-18 18:00:00,29.09876,12,33.0
55118,2018-06-18 18:30:00,27.622036,12,23.0
55119,2018-06-18 19:00:00,28.083593,12,29.0
55120,2018-06-18 19:30:00,29.156866,12,36.0
55121,2018-06-18 20:00:00,26.945099,12,26.0
55122,2018-06-18 20:30:00,27.118374,12,27.0
55123,2018-06-18 21:00:00,24.950148,12,22.0
55124,2018-06-18 21:30:00,26.482399,12,33.0
55125,2018-06-18 22:00:00,21.248596,12,26.0
55126,2018-06-18 22:30:00,19.196304,12,20.0
55127,2018-06-18 23:00:00,14.720458,12,12.0
55128,2018-06-18 23:30:00,12.264829,12,8.0
55129,2018-06-19 00:00:00,3.7118752,12,-1.0
55130,2018-06-19 07:00:00,3.9891975,12,2.0
55131,2018-06-19 07:30:00,6.6677876,12,3.0
55132,2018-06-19 08:00:00,9.809415,12,11.0
55133,2018-06-19 08:30:00,10.609786,12,12.0
55134,2018-06-19 09:00:00,12.336744,12,9.0
55135,2018-06-19 09:30:00,15.429483,12,17.0
55136,2018-06-19 10:00:00,19.616817,12,18.0
55137,2018-06-19 10:30:00,21.645552,12,18.0
55138,2018-06-19 11:00:00,26.507845,12,22.0
55139,2018-06-19 11:30:00,29.53077,12,33.0
55140,2018-06-19 12:00:00,32.536217,12,35.0
55141,2018-06-19 12:30:00,32.875916,12,33.0
55142,2018-06-19 13:00:00,33.598053,12,36.0
55143,2018-06-19 13:30:00,33.598053,12,36.0
55144,2018-06-19 14:00:00,34.65263,12,45.0
55145,2018-06-19 14:30:00,34.35263,12,43.0
55146,2018-06-19 15:00:00,33.15263,12,35.0
55147,2018-06-19 15:30:00,34.50263,12,44.0
55148,2018-06-19 16:00:00,29.881874,12,28.0
55149,2018-06-19 16:30:00,30.355148,12,31.0
55150,2018-06-19 17:00:00,28.38816,12,30.0
55151,2018-06-19 17:30:00,27.661436,12,25.0
55152,2018-06-19 18:00:00,28.79876,12,31.0
55153,2018-06-19 18:30:00,28.072035,12,26.0
55154,2018-06-19 19:00:00,28.233593,12,30.0
55155,2018-06-19 19:30:00,27.956867,12,28.0
55156,2018-06-19 20:00:00,27.785498,12,30.0
55157,2018-06-19 20:30:00,27.658773,12,29.0
55158,2018-06-19 21:00:00,25.490547,12,24.0
55159,2018-06-19 21:30:00,25.822796,12,27.0
55160,2018-06-19 22:00:00,20.888994,12,22.0
55161,2018-06-19 22:30:00,18.150097,12,9.0
55162,2018-06-19 23:00:00,16.07389,12,20.0
55163,2018-06-19 23:30:00,13.081655,12,10.0
55164,2018-06-20 00:00:00,4.1829643,12,3.0
55165,2018-06-20 07:00:00,4.362462,12,3.0
55166,2018-06-20 07:30:00,7.385072,12,4.0
55167,2018-06-20 08:00:00,9.828459,12,9.0
55168,2018-06-20 08:30:00,11.037747,12,11.0
55169,2018-06-20 09:00:00,13.451774,12,15.0
55170,2018-06-20 09:30:00,15.863574,12,18.0
55171,2018-06-20 10:00:00,20.168547,12,20.0
55172,2018-06-20 10:30:00,22.679644,12,23.0
55173,2018-06-20 11:00:00,27.407846,12,28.0
55174,2018-06-20 11:30:00,30.28077,12,38.0
55175,2018-06-20 12:00:00,32.08622,12,32.0
55176,2018-06-20 12:30:00,33.175915,12,35.0
55177,2018-06-20 13:00:00,33.148052,12,33.0
55178,2018-06-20 13:30:00,32.69805,12,30.0
55179,2018-06-20 14:00:00,33.75263,12,39.0
55180,2018-06-20 14:30:00,34.20263,12,42.0
55181,2018-06-20 15:00:00,34.80263,12,46.0
55182,2018-06-20 15:30:00,32.85263,12,33.0
55183,2018-06-20 16:00:00,29.131874,12,23.0
55184,2018-06-20 16:30:00,30.955149,12,35.0
55185,2018-06-20 17:00:00,28.988161,12,34.0
55186,2018-06-20 17:30:00,26.761436,12,19.0
55187,2018-06-20 18:00:00,28.94876,12,32.0
55188,2018-06-20 18:30:00,27.472034,12,22.0
55189,2018-06-20 19:00:00,27.033592,12,22.0
55190,2018-06-20 19:30:00,27.506866,12,25.0
55191,2018-06-20 20:00:00,27.335497,12,27.0
55192,2018-06-20 20:30:00,26.458773,12,21.0
55193,2018-06-20 21:00:00,25.940546,12,27.0
55194,2018-06-20 21:30:00,26.122797,12,29.0
55195,2018-06-20 22:00:00,21.938995,12,29.0
55196,2018-06-20 22:30:00,19.050097,12,15.0
55197,2018-06-20 23:00:00,16.031416,12,16.0
55198,2018-06-20 23:30:00,15.00702,12,21.0
55199,2018-06-21 00:00:00,4.828516,12,6.0
55200,2018-06-21 07:00:00,4.3785157,12,3.0
55201,2018-06-21 07:30:00,7.235072,12,3.0
55202,2018-06-21 08:00:00,10.592032,12,13.0
55203,2018-06-21 08:30:00,10.887748,12,10.0
55204,2018-06-21 09:00:00,13.301774,12,14.0
55205,2018-06-21 09:30:00,15.713574,12,17.0
55206,2018-06-21 10:00:00,20.318546,12,21.0
55207,2018-06-21 10:30:00,21.779642,12,17.0
55208,2018-06-21 11:00:00,27.407846,12,28.0
55209,2018-06-21 11:30:00,28.78077,12,28.0
55210,2018-06-21 12:00:00,31.036219,12,25.0
55211,2018-06-21 12:30:00,33.175915,12,35.0
55212,2018-06-21 13:00:00,32.69805,12,30.0
55213,2018-06-21 13:30:00,33.748055,12,37.0
55214,2018-06-21 14:00:00,32.25263,12,29.0
55215,2018-06-21 14:30:00,34.95263,12,47.0
55216,2018-06-21 15:00:00,34.20263,12,42.0
55217,2018-06-21 15:30:00,35.70263,12,52.0
55218,2018-06-21 16:00:00,31.381874,12,38.0
55219,2018-06-21 16:30:00,31.255148,12,37.0
55220,2018-06-21 17:00:00,28.838161,12,33.0
55221,2018-06-21 17:30:00,27.661436,12,25.0
55222,2018-06-21 18:00:00,29.24876,12,34.0
55223,2018-06-21 18:30:00,28.672035,12,30.0
55224,2018-06-21 19:00:00,28.233593,12,30.0
55225,2018-06-21 19:30:00,28.406866,12,31.0
55226,2018-06-21 20:00:00,26.885498,12,24.0
55227,2018-06-21 20:30:00,27.358772,12,27.0
55228,2018-06-21 21:00:00,28.190546,12,42.0
55229,2018-06-21 21:30:00,25.372797,12,24.0
55230,2018-06-21 22:00:00,21.488995,12,26.0
55231,2018-06-21 22:30:00,20.700096,12,26.0
55232,2018-06-21 23:00:00,17.727137,12,26.0
55233,2018-06-21 23:30:00,14.602743,12,17.0
55234,2018-06-22 00:00:00,4.6217833,12,-1.0
55235,2018-06-22 07:00:00,4.528516,12,4.0
55236,2018-06-22 07:30:00,8.149935,12,8.0
55237,2018-06-22 08:00:00,10.066701,12,10.0
55238,2018-06-22 08:30:00,11.798304,12,14.0
55239,2018-06-22 09:00:00,12.862085,12,10.0
55240,2018-06-22 09:30:00,17.609177,12,24.0
55241,2018-06-22 10:00:00,20.866,12,24.0
55242,2018-06-22 10:30:00,22.944588,12,22.0
55243,2018-06-22 11:00:00,26.807846,12,24.0
55244,2018-06-22 11:30:00,28.78077,12,28.0
55245,2018-06-22 12:00:00,31.636219,12,29.0
55246,2018-06-22 12:30:00,33.625916,12,38.0
55247,2018-06-22 13:00:00,34.798054,12,44.0
55248,2018-06-22 13:30:00,34.19805,12,40.0
55249,2018-06-22 14:00:00,33.15263,12,35.0
55250,2018-06-22 14:30:00,34.35263,12,43.0
55251,2018-06-22 15:00:00,33.45263,12,37.0
55252,2018-06-22 15:30:00,33.15263,12,35.0
55253,2018-06-22 16:00:00,31.531874,12,39.0
55254,2018-06-22 16:30:00,30.179857,12,32.0
55255,2018-06-22 17:00:00,27.93816,12,27.0
55256,2018-06-22 17:30:00,28.086145,12,30.0
55257,2018-06-22 18:00:00,29.567833,12,35.0
55258,2018-06-22 18:30:00,27.465818,12,23.0
55259,2018-06-22 19:00:00,28.252666,12,29.0
55260,2018-06-22 19:30:00,27.050652,12,23.0
55261,2018-06-22 20:00:00,27.50457,12,27.0
55262,2018-06-22 20:30:00,26.302555,12,21.0
55263,2018-06-22 21:00:00,25.50962,12,23.0
55264,2018-06-22 21:30:00,26.266579,12,31.0
55265,2018-06-22 22:00:00,21.358068,12,24.0
55266,2018-06-22 22:30:00,20.09388,12,23.0
55267,2018-06-22 23:00:00,16.527138,12,18.0
55268,2018-06-22 23:30:00,14.277454,12,17.0
55269,2018-06-23 00:00:00,4.075941,12,1.0
55270,2018-06-23 07:00:00,5.275941,12,9.0
55271,2018-06-23 07:30:00,8.978628,12,10.0
55272,2018-06-23 08:00:00,12.59087,12,13.0
55273,2018-06-23 08:30:00,16.36074,12,20.0
55274,2018-06-23 09:00:00,17.823555,12,11.0
55275,2018-06-23 09:30:00,24.93565,12,32.0
55276,2018-06-23 10:00:00,29.045027,12,21.0
55277,2018-06-23 10:30:00,34.058086,12,32.0
55278,2018-06-23 11:00:00,41.32025,12,38.0
55279,2018-06-23 11:30:00,44.096493,12,43.0
55280,2018-06-23 12:00:00,51.138474,12,47.0
55281,2018-06-23 12:30:00,54.10146,12,61.0
55282,2018-06-23 13:00:00,54.84491,12,58.0
55283,2018-06-23 13:30:00,54.69491,12,57.0
55284,2018-06-23 14:00:00,54.244907,12,54.0
55285,2018-06-23 14:30:00,56.34491,12,68.0
55286,2018-06-23 15:00:00,55.59491,12,63.0
55287,2018-06-23 15:30:00,53.04491,12,46.0
55288,2018-06-23 16:00:00,50.11758,12,53.0
55289,2018-06-23 16:30:00,50.027325,12,56.0
55290,2018-06-23 17:00:00,45.66043,12,51.0
55291,2018-06-23 17:30:00,44.1644,12,47.0
55292,2018-06-23 18:00:00,41.497566,12,50.0
55293,2018-06-23 18:30:00,40.02706,12,47.0
55294,2018-06-23 19:00:00,35.32622,12,31.0
55295,2018-06-23 19:30:00,34.30572,12,31.0
55296,2018-06-23 20:00:00,34.94417,12,43.0
55297,2018-06-23 20:30:00,33.224346,12,38.0
55298,2018-06-23 21:00:00,27.464409,12,32.0
55299,2018-06-23 21:30:00,25.633806,12,24.0
55300,2018-06-23 22:00:00,19.382378,12,13.0
55301,2018-06-23 22:30:00,18.680626,12,17.0
55302,2018-06-23 23:00:00,16.50819,12,22.0
55303,2018-06-23 23:30:00,13.7642,12,17.0
55304,2018-06-24 00:00:00,4.2638083,12,-1.0
55305,2018-06-24 07:00:00,4.374237,12,5.0
55306,2018-06-24 07:30:00,7.7823873,12,9.0
55307,2018-06-24 08:00:00,9.241363,12,6.0
55308,2018-06-24 08:30:00,12.885866,12,14.0
55309,2018-06-24 09:00:00,18.146126,12,19.0
55310,2018-06-24 09:30:00,21.392069,12,21.0
55311,2018-06-24 10:00:00,29.189352,12,24.0
55312,2018-06-24 10:30:00,33.30241,12,29.0
55313,2018-06-24 11:00:00,41.52288,12,34.0
55314,2018-06-24 11:30:00,44.902584,12,42.0
55315,2018-06-24 12:00:00,52.691105,12,52.0
55316,2018-06-24 12:30:00,52.35755,12,43.0
55317,2018-06-24 13:00:00,55.223595,12,55.0
55318,2018-06-24 13:30:00,56.273594,12,62.0
55319,2018-06-24 14:00:00,56.723595,12,65.0
55320,2018-06-24 14:30:00,55.523594,12,57.0
55321,2018-06-24 15:00:00,56.423595,12,63.0
55322,2018-06-24 15:30:00,57.023594,12,67.0
55323,2018-06-24 16:00:00,52.38214,12,70.0
55324,2018-06-24 16:30:00,49.427322,12,52.0
55325,2018-06-24 17:00:00,44.45255,12,48.0
55326,2018-06-24 17:30:00,44.141956,12,50.0
55327,2018-06-24 18:00:00,41.872498,12,70.0
55328,2018-06-24 18:30:00,37.331985,12,48.0
55329,2018-06-24 19:00:00,32.293358,12,32.0
55330,2018-06-24 19:30:00,31.352852,12,34.0
55331,2018-06-24 20:00:00,26.491507,12,17.0
55332,2018-06-24 20:30:00,27.32764,12,31.0
55333,2018-06-24 21:00:00,23.04407,12,23.0
55334,2018-06-24 21:30:00,21.35859,12,19.0
55335,2018-06-24 22:00:00,17.791313,12,18.0
55336,2018-06-24 22:30:00,15.692492,12,13.0
55337,2018-06-24 23:00:00,11.398985,12,16.0
55338,2018-06-24 23:30:00,8.48012,12,6.0
55339,2018-06-25 00:00:00,3.0763967,12,-1.0
55340,2018-06-25 07:00:00,4.634019,12,7.0
55341,2018-06-25 07:30:00,6.876987,12,8.0
55342,2018-06-25 08:00:00,7.3135104,12,7.0
55343,2018-06-25 08:30:00,8.995267,12,9.0
55344,2018-06-25 09:00:00,9.961028,12,9.0
55345,2018-06-25 09:30:00,13.715329,12,22.0
55346,2018-06-25 10:00:00,18.73388,12,17.0
55347,2018-06-25 10:30:00,21.421991,12,19.0
55348,2018-06-25 11:00:00,27.099432,12,29.0
55349,2018-06-25 11:30:00,28.497637,12,31.0
55350,2018-06-25 12:00:00,30.577806,12,25.0
55351,2018-06-25 12:30:00,31.692781,12,30.0
55352,2018-06-25 13:00:00,32.398052,12,28.0
55353,2018-06-25 13:30:00,33.298054,12,34.0
55354,2018-06-25 14:00:00,32.40263,12,30.0
55355,2018-06-25 14:30:00,32.85263,12,33.0
55356,2018-06-25 15:00:00,31.35263,12,23.0
55357,2018-06-25 15:30:00,33.30263,12,36.0
55358,2018-06-25 16:00:00,31.681873,12,40.0
55359,2018-06-25 16:30:00,30.80515,12,34.0
55360,2018-06-25 17:00:00,26.43816,12,17.0
55361,2018-06-25 17:30:00,27.811436,12,26.0
55362,2018-06-25 18:00:00,29.39876,12,35.0
55363,2018-06-25 18:30:00,28.222034,12,27.0
55364,2018-06-25 19:00:00,29.283592,12,37.0
55365,2018-06-25 19:30:00,29.906866,12,41.0
55366,2018-06-25 20:00:00,27.9951,12,33.0
55367,2018-06-25 20:30:00,28.018375,12,33.0
55368,2018-06-25 21:00:00,25.400148,12,25.0
55369,2018-06-25 21:30:00,23.332397,12,12.0
55370,2018-06-25 22:00:00,19.898596,12,17.0
55371,2018-06-25 22:30:00,19.046305,12,19.0
55372,2018-06-25 23:00:00,15.470458,12,17.0
55373,2018-06-25 23:30:00,12.864829,12,12.0
55374,2018-06-26 00:00:00,3.7118752,12,-1.0
55375,2018-06-26 07:00:00,4.2891974,12,4.0
55376,2018-06-26 07:30:00,7.267788,12,7.0
55377,2018-06-26 08:00:00,10.859415,12,18.0
55378,2018-06-26 08:30:00,11.659786,12,19.0
55379,2018-06-26 09:00:00,12.936744,12,13.0
55380,2018-06-26 09:30:00,15.129483,12,15.0
55381,2018-06-26 10:00:00,20.216816,12,22.0
55382,2018-06-26 10:30:00,23.895552,12,33.0
55383,2018-06-26 11:00:00,27.268705,12,28.0
55384,2018-06-26 11:30:00,29.991627,12,37.0
55385,2018-06-26 12:00:00,31.947079,12,32.0
55386,2018-06-26 12:30:00,32.43677,12,31.0
55387,2018-06-26 13:00:00,34.05891,12,40.0
55388,2018-06-26 13:30:00,33.90891,12,39.0
55389,2018-06-26 14:00:00,34.213486,12,43.0
55390,2018-06-26 14:30:00,33.913486,12,41.0
55391,2018-06-26 15:00:00,32.26349,12,30.0
55392,2018-06-26 15:30:00,34.51349,12,45.0
55393,2018-06-26 16:00:00,31.242735,12,38.0
55394,2018-06-26 16:30:00,30.666008,12,34.0
55395,2018-06-26 17:00:00,28.24902,12,30.0
55396,2018-06-26 17:30:00,28.572294,12,32.0
55397,2018-06-26 18:00:00,30.44876,12,42.0
55398,2018-06-26 18:30:00,28.672035,12,30.0
55399,2018-06-26 19:00:00,28.683594,12,33.0
55400,2018-06-26 19:30:00,28.706867,12,33.0
55401,2018-06-26 20:00:00,26.585497,12,22.0
55402,2018-06-26 20:30:00,28.558773,12,35.0
55403,2018-06-26 21:00:00,25.340548,12,23.0
55404,2018-06-26 21:30:00,24.922796,12,21.0
55405,2018-06-26 22:00:00,21.338995,12,25.0
55406,2018-06-26 22:30:00,20.250097,12,23.0
55407,2018-06-26 23:00:00,15.473889,12,16.0
55408,2018-06-26 23:30:00,13.831655,12,15.0
55409,2018-06-27 00:00:00,3.8829644,12,1.0
55410,2018-06-27 07:00:00,4.362462,12,3.0
55411,2018-06-27 07:30:00,8.285072,12,10.0
55412,2018-06-27 08:00:00,10.428458,12,13.0
55413,2018-06-27 08:30:00,12.687748,12,22.0
55414,2018-06-27 09:00:00,14.501774,12,22.0
55415,2018-06-27 09:30:00,14.813574,12,11.0
55416,2018-06-27 10:00:00,20.318546,12,21.0
55417,2018-06-27 10:30:00,22.379642,12,21.0
55418,2018-06-27 11:00:00,27.718704,12,31.0
55419,2018-06-27 11:30:00,28.491627,12,27.0
55420,2018-06-27 12:00:00,30.59708,12,23.0
55421,2018-06-27 12:30:00,32.136772,12,29.0
55422,2018-06-27 13:00:00,33.00891,12,33.0
55423,2018-06-27 13:30:00,34.95891,12,46.0
55424,2018-06-27 14:00:00,36.463486,12,58.0
55425,2018-06-27 14:30:00,34.51349,12,45.0
55426,2018-06-27 15:00:00,33.163486,12,36.0
55427,2018-06-27 15:30:00,32.713486,12,33.0
55428,2018-06-27 16:00:00,29.442734,12,26.0
55429,2018-06-27 16:30:00,29.916008,12,29.0
55430,2018-06-27 17:00:00,28.39902,12,31.0
55431,2018-06-27 17:30:00,27.672295,12,26.0
55432,2018-06-27 18:00:00,28.19876,12,27.0
55433,2018-06-27 18:30:00,27.922035,12,25.0
55434,2018-06-27 19:00:00,26.133593,12,16.0
55435,2018-06-27 19:30:00,28.706867,12,33.0
55436,2018-06-27 20:00:00,28.385498,12,34.0
55437,2018-06-27 20:30:00,27.658773,12,29.0
55438,2018-06-27 21:00:00,26.990547,12,34.0
55439,2018-06-27 21:30:00,25.372797,12,24.0
55440,2018-06-27 22:00:00,20.888994,12,22.0
55441,2018-06-27 22:30:00,19.800097,12,20.0
55442,2018-06-27 23:00:00,17.231415,12,24.0
55443,2018-06-27 23:30:00,13.35702,12,10.0
55444,2018-06-28 00:00:00,4.6217833,12,-1.0
55445,2018-06-28 07:00:00,4.978516,12,7.0
55446,2018-06-28 07:30:00,7.6850724,12,6.0
55447,2018-06-28 08:00:00,9.692033,12,7.0
55448,2018-06-28 08:30:00,11.487748,12,14.0
55449,2018-06-28 09:00:00,13.301774,12,14.0
55450,2018-06-28 09:30:00,15.563574,12,16.0
55451,2018-06-28 10:00:00,19.568546,12,16.0
55452,2018-06-28 10:30:00,23.129642,12,26.0
55453,2018-06-28 11:00:00,27.118704,12,27.0
55454,2018-06-28 11:30:00,29.241627,12,32.0
55455,2018-06-28 12:00:00,31.34708,12,28.0
55456,2018-06-28 12:30:00,33.036774,12,35.0
55457,2018-06-28 13:00:00,33.15891,12,34.0
55458,2018-06-28 13:30:00,34.05891,12,40.0
55459,2018-06-28 14:00:00,33.76349,12,40.0
55460,2018-06-28 14:30:00,31.363487,12,24.0
55461,2018-06-28 15:00:00,31.963488,12,28.0
55462,2018-06-28 15:30:00,33.163486,12,36.0
55463,2018-06-28 16:00:00,30.342733,12,32.0
55464,2018-06-28 16:30:00,31.266008,12,38.0
55465,2018-06-28 17:00:00,27.64902,12,26.0
55466,2018-06-28 17:30:00,26.172295,12,16.0
55467,2018-06-28 18:00:00,29.682339,12,38.0
55468,2018-06-28 18:30:00,28.205612,12,28.0
55469,2018-06-28 19:00:00,28.21717,12,31.0
55470,2018-06-28 19:30:00,28.390444,12,32.0
55471,2018-06-28 20:00:00,26.269075,12,21.0
55472,2018-06-28 20:30:00,27.64235,12,30.0
55473,2018-06-28 21:00:00,26.974125,12,35.0
55474,2018-06-28 21:30:00,24.606373,12,20.0
55475,2018-06-28 22:00:00,21.172571,12,25.0
55476,2018-06-28 22:30:00,20.683672,12,27.0
55477,2018-06-28 23:00:00,16.677137,12,19.0
55478,2018-06-28 23:30:00,13.702743,12,11.0
55479,2018-06-29 00:00:00,4.6217833,12,-1.0
55480,2018-06-29 07:00:00,4.828516,12,6.0
55481,2018-06-29 07:30:00,8.299934,12,9.0
55482,2018-06-29 08:00:00,9.766701,12,8.0
55483,2018-06-29 08:30:00,11.648303,12,13.0
55484,2018-06-29 09:00:00,13.012085,12,11.0
55485,2018-06-29 09:30:00,15.959177,12,13.0
55486,2018-06-29 10:00:00,19.966,12,18.0
55487,2018-06-29 10:30:00,23.09459,12,23.0
55488,2018-06-29 11:00:00,28.018705,12,33.0
55489,2018-06-29 11:30:00,29.541628,12,34.0
55490,2018-06-29 12:00:00,32.247078,12,34.0
55491,2018-06-29 12:30:00,32.286774,12,30.0
55492,2018-06-29 13:00:00,32.85891,12,32.0
55493,2018-06-29 13:30:00,31.20891,12,21.0
55494,2018-06-29 14:00:00,30.463488,12,18.0
55495,2018-06-29 14:30:00,30.013487,12,15.0
55496,2018-06-29 15:00:00,29.863487,12,14.0
55497,2018-06-29 15:30:00,30.913486,12,21.0
55498,2018-06-29 16:00:00,28.542734,12,20.0
55499,2018-06-29 16:30:00,28.540718,12,22.0
55500,2018-06-29 17:00:00,26.299019,12,17.0
55501,2018-06-29 17:30:00,27.347004,12,26.0
55502,2018-06-29 18:00:00,26.382338,12,16.0
55503,2018-06-29 18:30:00,26.980322,12,22.0
55504,2018-06-29 19:00:00,25.817171,12,15.0
55505,2018-06-29 19:30:00,26.115154,12,19.0
55506,2018-06-29 20:00:00,25.969076,12,19.0
55507,2018-06-29 20:30:00,25.36706,12,17.0
55508,2018-06-29 21:00:00,24.574125,12,19.0
55509,2018-06-29 21:30:00,24.431084,12,21.0
55510,2018-06-29 22:00:00,22.22257,12,32.0
55511,2018-06-29 22:30:00,19.158384,12,19.0
55512,2018-06-29 23:00:00,16.227137,12,16.0
55513,2018-06-29 23:30:00,13.527454,12,12.0
55514,2018-06-30 00:00:00,4.675941,12,5.0
