Дата,length,w_time
2018-05-01 07:00:00,1.5439438722046084,227.25598360670267
2018-05-01 07:30:00,1.5550055419844282,227.25598360670267
2018-05-01 08:00:00,1.5306364799472885,244.70349982804942
2018-05-01 08:30:00,1.714776995624204,248.9705774235836
2018-05-01 09:00:00,1.9780363292568373,267.7605044535441
2018-05-01 09:30:00,2.227884247470169,302.9456640610858
2018-05-01 10:00:00,1.8535043515041532,302.9456640610858
2018-05-01 10:30:00,2.1322867862050727,294.85330180195456
2018-05-01 11:00:00,2.1131120629807696,313.78101386583126
2018-05-01 11:30:00,2.0541785589085193,332.65017187138295
2018-05-01 12:00:00,2.372546891474031,377.66872454144936
2018-05-01 12:30:00,2.491060768869784,377.66872454144936
2018-05-01 13:00:00,2.3483230158463417,377.66872454144936
2018-05-01 13:30:00,2.3475571961417705,377.66872454144936
2018-05-01 14:00:00,2.414224563364553,377.66872454144936
2018-05-01 14:30:00,2.2872792540574585,349.72949961410086
2018-05-01 15:00:00,2.53908562426715,349.72949961410086
2018-05-01 15:30:00,2.127695474402632,349.72949961410086
2018-05-01 16:00:00,2.5499313945908675,349.72949961410086
2018-05-01 16:30:00,2.3810267549939264,377.66872454144936
2018-05-01 17:00:00,2.133598490970829,313.78101386583126
2018-05-01 17:30:00,2.037242759435887,307.49005438101426
2018-05-01 18:00:00,2.2518775173543992,307.49005438101426
2018-05-01 18:30:00,1.941299778089364,319.571526828511
2018-05-01 19:00:00,2.2383397399804426,319.571526828511
2018-05-01 19:30:00,2.107362466777817,319.571526828511
2018-05-01 20:00:00,1.9470747780957645,319.571526828511
2018-05-01 20:30:00,1.9557289063910224,294.85330180195456
2018-05-01 21:00:00,1.9698494388381955,302.9456640610858
2018-05-01 21:30:00,1.6777233435758967,267.3819544705721
2018-05-01 22:00:00,1.7491470701592222,267.7605044535441
2018-05-01 22:30:00,1.537569052589622,248.9705774235836
2018-05-01 23:00:00,1.572912580889399,227.25598360670267
2018-05-01 23:30:00,1.6626324957069183,227.25598360670267
2018-05-02 00:00:00,1.3179841769822982,191.01452981254718
2018-05-02 07:00:00,1.4870085700104274,227.25598360670267
2018-05-02 07:30:00,1.481860254722942,227.25598360670267
2018-05-02 08:00:00,1.5835745404440997,248.9705774235836
2018-05-02 08:30:00,1.7400082378411261,248.9705774235836
2018-05-02 09:00:00,1.791391206255807,267.3819544705721
2018-05-02 09:30:00,2.182681738118013,302.9456640610858
2018-05-02 10:00:00,2.050704761992697,294.85330180195456
2018-05-02 10:30:00,2.2598325494075064,319.571526828511
2018-05-02 11:00:00,2.3415053199568927,313.78101386583126
2018-05-02 11:30:00,2.0840636044751233,332.65017187138295
2018-05-02 12:00:00,2.3572014889041597,377.66872454144936
2018-05-02 12:30:00,2.5092895294610535,377.66872454144936
2018-05-02 13:00:00,2.732254612755838,377.66872454144936
2018-05-02 13:30:00,2.759733098679908,377.66872454144936
2018-05-02 14:00:00,2.5503627710330554,377.66872454144936
2018-05-02 14:30:00,2.766774928679067,377.66872454144936
2018-05-02 15:00:00,2.503239246716241,377.66872454144936
2018-05-02 15:30:00,2.197871564423549,332.43774093887345
2018-05-02 16:00:00,2.207588044887309,349.72949961410086
2018-05-02 16:30:00,2.5391948386826892,349.72949961410086
2018-05-02 17:00:00,2.5852927913051014,354.5480739170419
2018-05-02 17:30:00,2.2525736088544397,354.5480739170419
2018-05-02 18:00:00,2.036550651474935,307.49005438101426
2018-05-02 18:30:00,2.1822540307711,319.571526828511
2018-05-02 19:00:00,2.0621519569372415,319.571526828511
2018-05-02 19:30:00,2.168022948174751,319.571526828511
2018-05-02 20:00:00,2.230519372980699,319.571526828511
2018-05-02 20:30:00,1.8398115306779248,294.85330180195456
2018-05-02 21:00:00,1.8722221114185238,302.9456640610858
2018-05-02 21:30:00,2.0040607591187034,267.3819544705721
2018-05-02 22:00:00,1.9079619035771596,267.7605044535441
2018-05-02 22:30:00,1.5294015518355115,248.9705774235836
2018-05-02 23:00:00,1.7143745814079159,244.70349982804942
2018-05-02 23:30:00,1.694770349319047,227.25598360670267
2018-05-03 00:00:00,1.233072576590819,191.01452981254718
2018-05-03 07:00:00,1.672881548302151,227.25598360670267
2018-05-03 07:30:00,1.626787096551904,227.25598360670267
2018-05-03 08:00:00,1.5177799392437472,244.70349982804942
2018-05-03 08:30:00,1.9045756320365088,267.7605044535441
2018-05-03 09:00:00,1.9253351833603778,267.3819544705721
2018-05-03 09:30:00,2.2589703372818293,302.9456640610858
2018-05-03 10:00:00,2.141905151155947,302.9456640610858
2018-05-03 10:30:00,2.1427464998420884,294.85330180195456
2018-05-03 11:00:00,2.1311277062858025,319.571526828511
2018-05-03 11:30:00,2.3434138492408683,319.571526828511
2018-05-03 12:00:00,1.9647112162394915,319.571526828511
2018-05-03 12:30:00,2.258253119919029,319.571526828511
2018-05-03 13:00:00,1.8878914772617028,307.49005438101426
2018-05-03 13:30:00,2.2656662876988096,319.571526828511
2018-05-03 14:00:00,1.9876376446608326,319.571526828511
2018-05-03 14:30:00,1.9727447088321506,319.571526828511
2018-05-03 15:00:00,2.1634220691347026,307.49005438101426
2018-05-03 15:30:00,2.378979957671434,320.3010935286765
2018-05-03 16:00:00,2.3855379623662576,319.571526828511
2018-05-03 16:30:00,2.23273651455671,307.49005438101426
2018-05-03 17:00:00,2.1026668999394404,294.85330180195456
2018-05-03 17:30:00,2.2263293848516565,319.571526828511
2018-05-03 18:00:00,2.0112215927091235,319.571526828511
2018-05-03 18:30:00,2.3373038487862794,319.571526828511
2018-05-03 19:00:00,1.9764507259632227,294.85330180195456
2018-05-03 19:30:00,2.0108594205385097,294.85330180195456
2018-05-03 20:00:00,2.157948392870707,294.85330180195456
2018-05-03 20:30:00,1.8498441130332202,294.85330180195456
2018-05-03 21:00:00,1.9957525867437815,302.9456640610858
2018-05-03 21:30:00,1.6758300423715091,267.3819544705721
2018-05-03 22:00:00,1.901841566440529,267.3819544705721
2018-05-03 22:30:00,1.8405420783679,248.9705774235836
2018-05-03 23:00:00,1.7982305664260052,244.70349982804942
2018-05-03 23:30:00,1.3974607911028911,227.25598360670267
2018-05-04 00:00:00,1.7919700256374598,248.9705774235836
2018-05-04 07:00:00,1.6930354104551621,227.25598360670267
2018-05-04 07:30:00,1.468218596265344,227.25598360670267
2018-05-04 08:00:00,1.6205216839160517,244.70349982804942
2018-05-04 08:30:00,1.798551441538566,267.7605044535441
2018-05-04 09:00:00,1.6866386869647565,274.8442194413914
2018-05-04 09:30:00,1.8725461912607337,274.8442194413914
2018-05-04 10:00:00,2.3400862868275087,320.0359892893642
2018-05-04 10:30:00,2.134181159794013,320.0359892893642
2018-05-04 11:00:00,2.1375638567324886,320.3010935286765
2018-05-04 11:30:00,2.2992545926619012,320.3010935286765
2018-05-04 12:00:00,1.975170240083338,320.3010935286765
2018-05-04 12:30:00,1.974204979184308,320.3010935286765
2018-05-04 13:00:00,2.035300620618995,320.3010935286765
2018-05-04 13:30:00,2.542732658561457,339.09347855437676
2018-05-04 14:00:00,2.246797371093652,320.3010935286765
2018-05-04 14:30:00,1.9900578731205647,320.3010935286765
2018-05-04 15:00:00,1.9731633389665526,320.0359892893642
2018-05-04 15:30:00,1.9430149062342648,307.5440489496922
2018-05-04 16:00:00,2.38185528361093,320.0359892893642
2018-05-04 16:30:00,2.3872641637688496,320.0359892893642
2018-05-04 17:00:00,2.0062404478266243,320.0359892893642
2018-05-04 17:30:00,2.026060069360234,294.85330180195456
2018-05-04 18:00:00,2.119783680497964,294.85330180195456
2018-05-04 18:30:00,2.055526772200328,302.9456640610858
2018-05-04 19:00:00,2.0896642138663224,302.9456640610858
2018-05-04 19:30:00,2.1913776390598536,302.9456640610858
2018-05-04 20:00:00,2.17386876281889,294.85330180195456
2018-05-04 20:30:00,1.9089984273184,294.85330180195456
2018-05-04 21:00:00,1.9213683232484793,267.3819544705721
2018-05-04 21:30:00,1.8807399319013127,267.3819544705721
2018-05-04 22:00:00,1.704521837590767,267.3819544705721
2018-05-04 22:30:00,1.7907627681088516,248.9705774235836
2018-05-04 23:00:00,1.5914160238852348,244.70349982804942
2018-05-04 23:30:00,1.7678809227685977,244.70349982804942
2018-05-05 00:00:00,1.7812699907317273,248.9705774235836
2018-05-05 07:00:00,1.6641286804668773,227.25598360670267
2018-05-05 07:30:00,1.6790049343024405,227.25598360670267
2018-05-05 08:00:00,1.5374480109775437,248.9705774235836
2018-05-05 08:30:00,1.757933229788988,267.7605044535441
2018-05-05 09:00:00,1.9803378638339275,302.9456640610858
2018-05-05 09:30:00,2.119334097362682,294.85330180195456
2018-05-05 10:00:00,1.941190150470513,294.85330180195456
2018-05-05 10:30:00,2.0613909708032434,307.49005438101426
2018-05-05 11:00:00,2.328190134418799,377.66872454144936
2018-05-05 11:30:00,2.481940735241044,377.66872454144936
2018-05-05 12:00:00,3.037804649826598,435.338195972894
2018-05-05 12:30:00,2.877993823567883,435.338195972894
2018-05-05 13:00:00,2.8224544383919294,435.338195972894
2018-05-05 13:30:00,2.372069245340253,379.05004472522637
2018-05-05 14:00:00,2.762648318648042,379.05004472522637
2018-05-05 14:30:00,2.8121474761632284,435.338195972894
2018-05-05 15:00:00,3.0896807951001013,435.338195972894
2018-05-05 15:30:00,2.3093154687722794,325.77977405490725
2018-05-05 16:00:00,2.5699444578448074,412.14503928883545
2018-05-05 16:30:00,2.8389249516283983,412.14503928883545
2018-05-05 17:00:00,2.503557205125068,349.72949961410086
2018-05-05 17:30:00,2.053172728231593,332.65017187138295
2018-05-05 18:00:00,1.9149978676208392,313.78101386583126
2018-05-05 18:30:00,2.034979816437351,313.78101386583126
2018-05-05 19:00:00,1.9501557969331544,313.78101386583126
2018-05-05 19:30:00,2.275355524287024,313.78101386583126
2018-05-05 20:00:00,2.1678434366147625,319.571526828511
2018-05-05 20:30:00,1.9138029928574511,294.85330180195456
2018-05-05 21:00:00,2.046560260280329,302.9456640610858
2018-05-05 21:30:00,1.6616264398875524,267.3819544705721
2018-05-05 22:00:00,1.8766201994899518,267.3819544705721
2018-05-05 22:30:00,1.829146624880073,248.9705774235836
2018-05-05 23:00:00,1.7400960607256184,244.70349982804942
2018-05-05 23:30:00,1.4659374784027048,227.25598360670267
2018-05-06 00:00:00,1.7280825037441399,248.9705774235836
2018-05-06 07:00:00,1.5839007618527252,227.25598360670267
2018-05-06 07:30:00,1.3806970257471307,227.25598360670267
2018-05-06 08:00:00,1.8048371638109433,248.9705774235836
2018-05-06 08:30:00,1.9091107452732878,267.7605044535441
2018-05-06 09:00:00,1.9524191900504537,302.9456640610858
2018-05-06 09:30:00,1.9758523521950309,294.85330180195456
2018-05-06 10:00:00,2.2256503110854755,319.571526828511
2018-05-06 10:30:00,2.2418275674751555,307.49005438101426
2018-05-06 11:00:00,2.3994392343999555,332.65017187138295
2018-05-06 11:30:00,2.3288463112165423,332.65017187138295
2018-05-06 12:00:00,2.8646269068957726,435.338195972894
2018-05-06 12:30:00,2.935941388853794,435.338195972894
2018-05-06 13:00:00,2.8863626534798863,435.338195972894
2018-05-06 13:30:00,2.886374305566171,435.338195972894
2018-05-06 14:00:00,2.783905520726222,435.338195972894
2018-05-06 14:30:00,2.9872429344562152,435.338195972894
2018-05-06 15:00:00,2.8456546149451216,435.338195972894
2018-05-06 15:30:00,2.6579173175148743,412.14503928883545
2018-05-06 16:00:00,3.0464286001927725,412.14503928883545
2018-05-06 16:30:00,2.8825526349458546,412.14503928883545
2018-05-06 17:00:00,2.240459075000488,354.5480739170419
2018-05-06 17:30:00,2.5458191009086155,354.5480739170419
2018-05-06 18:00:00,2.33386071248873,354.5480739170419
2018-05-06 18:30:00,2.259839178258251,354.5480739170419
2018-05-06 19:00:00,2.187385463531293,339.09347855437676
2018-05-06 19:30:00,2.1688739133279267,339.09347855437676
2018-05-06 20:00:00,2.290691484036192,320.0359892893642
2018-05-06 20:30:00,2.0163375053378974,320.0359892893642
2018-05-06 21:00:00,1.9661416451437779,297.76734280898626
2018-05-06 21:30:00,1.9828485628969061,267.3819544705721
2018-05-06 22:00:00,1.658232391494751,248.9705774235836
2018-05-06 22:30:00,1.6877766492205217,244.70349982804942
2018-05-06 23:00:00,1.5464623555825097,227.25598360670267
2018-05-06 23:30:00,1.295526742891473,191.01452981254718
2018-05-07 00:00:00,1.397083347826802,227.25598360670267
2018-05-07 07:00:00,1.6701136056784511,227.25598360670267
2018-05-07 07:30:00,1.5151505034225516,227.25598360670267
2018-05-07 08:00:00,1.7033194509502394,244.70349982804942
2018-05-07 08:30:00,1.7166921329174738,248.9705774235836
2018-05-07 09:00:00,1.7798560385554854,267.7605044535441
2018-05-07 09:30:00,1.6310910128237799,267.3819544705721
2018-05-07 10:00:00,1.9317342798104862,267.3819544705721
2018-05-07 10:30:00,2.01788333392548,294.85330180195456
2018-05-07 11:00:00,1.9664622492304502,319.571526828511
2018-05-07 11:30:00,1.9717000330603462,319.571526828511
2018-05-07 12:00:00,2.0267079355915434,319.571526828511
2018-05-07 12:30:00,2.1886977298673935,339.09347855437676
2018-05-07 13:00:00,2.0214987460242186,320.3010935286765
2018-05-07 13:30:00,2.4196929507464415,339.09347855437676
2018-05-07 14:00:00,2.237052316792062,339.09347855437676
2018-05-07 14:30:00,2.4037087881244266,339.09347855437676
2018-05-07 15:00:00,2.247336307031752,320.3010935286765
2018-05-07 15:30:00,2.272009588282502,320.3010935286765
2018-05-07 16:00:00,2.351659416667252,339.09347855437676
2018-05-07 16:30:00,2.2453925777601933,339.09347855437676
2018-05-07 17:00:00,2.0093480756084583,320.3010935286765
2018-05-07 17:30:00,2.2712056144900483,320.3010935286765
2018-05-07 18:00:00,2.13751663428866,320.0359892893642
2018-05-07 18:30:00,2.34619905159426,320.3010935286765
2018-05-07 19:00:00,2.092018338138263,320.3010935286765
2018-05-07 19:30:00,2.3341423332022555,320.0359892893642
2018-05-07 20:00:00,2.1153602192587684,320.0359892893642
2018-05-07 20:30:00,2.155480518104308,297.76734280898626
2018-05-07 21:00:00,1.9231814509391707,267.3819544705721
2018-05-07 21:30:00,1.9255420129565464,267.3819544705721
2018-05-07 22:00:00,1.951741527548544,267.7605044535441
2018-05-07 22:30:00,1.8184216925417431,248.9705774235836
2018-05-07 23:00:00,1.5276602034467386,244.70349982804942
2018-05-07 23:30:00,1.5924821093865351,227.25598360670267
2018-05-08 00:00:00,1.1772075098809278,191.01452981254718
2018-05-08 07:00:00,1.561642383975544,227.25598360670267
2018-05-08 07:30:00,1.4052491198074313,227.25598360670267
2018-05-08 08:00:00,1.6944677395425292,244.70349982804942
2018-05-08 08:30:00,1.536344071737186,248.9705774235836
2018-05-08 09:00:00,2.009238637139774,274.8442194413914
2018-05-08 09:30:00,1.9342380117617548,274.8442194413914
2018-05-08 10:00:00,1.8128047183523988,297.76734280898626
2018-05-08 10:30:00,2.129620870768459,320.0359892893642
2018-05-08 11:00:00,2.2499123192688577,320.3010935286765
2018-05-08 11:30:00,1.9584623262351277,320.3010935286765
2018-05-08 12:00:00,2.343957111220398,320.3010935286765
2018-05-08 12:30:00,2.254428517569329,339.09347855437676
2018-05-08 13:00:00,2.110788220116083,328.4778040339682
2018-05-08 13:30:00,2.352937441817345,328.4778040339682
2018-05-08 14:00:00,2.313167451620393,328.4778040339682
2018-05-08 14:30:00,2.1119997778375184,328.4778040339682
2018-05-08 15:00:00,2.2188276591707345,328.4778040339682
2018-05-08 15:30:00,2.0376843312210657,332.05438059854345
2018-05-08 16:00:00,2.2447616514751676,332.05438059854345
2018-05-08 16:30:00,2.451899119559633,328.4778040339682
2018-05-08 17:00:00,1.8775483161680648,308.4331942101558
2018-05-08 17:30:00,2.3029731015561343,320.3010935286765
2018-05-08 18:00:00,2.3501980789850956,320.3010935286765
2018-05-08 18:30:00,2.0504520111648894,320.0359892893642
2018-05-08 19:00:00,2.153072139463913,320.0359892893642
2018-05-08 19:30:00,1.9811647860147816,320.0359892893642
2018-05-08 20:00:00,2.0272124363975963,320.3010935286765
2018-05-08 20:30:00,2.0602437676968464,297.76734280898626
2018-05-08 21:00:00,2.203600641109328,297.76734280898626
2018-05-08 21:30:00,1.840646961224489,267.3819544705721
2018-05-08 22:00:00,1.994636076639405,267.7605044535441
2018-05-08 22:30:00,1.8440713374777258,248.9705774235836
2018-05-08 23:00:00,1.5071431989067983,244.70349982804942
2018-05-08 23:30:00,1.474665584585033,227.25598360670267
2018-05-09 00:00:00,1.2062126882371464,191.01452981254718
2018-05-09 07:00:00,1.3878504493096067,227.25598360670267
2018-05-09 07:30:00,1.6787527308910262,227.25598360670267
2018-05-09 08:00:00,1.7156094207767005,244.70349982804942
2018-05-09 08:30:00,1.676699359263221,248.9705774235836
2018-05-09 09:00:00,1.8600409973949232,267.3819544705721
2018-05-09 09:30:00,2.0863352087043046,302.9456640610858
2018-05-09 10:00:00,1.8506490275488574,294.85330180195456
2018-05-09 10:30:00,1.9747021601009573,319.571526828511
2018-05-09 11:00:00,2.0298538421682717,313.78101386583126
2018-05-09 11:30:00,2.0997767476662004,332.65017187138295
2018-05-09 12:00:00,2.316233008183405,377.66872454144936
2018-05-09 12:30:00,3.2444490912394244,435.338195972894
2018-05-09 13:00:00,2.4926573051841157,377.66872454144936
2018-05-09 13:30:00,2.6659679985521563,435.338195972894
2018-05-09 14:00:00,2.8459351498851784,435.338195972894
2018-05-09 14:30:00,2.7137181010716818,435.338195972894
2018-05-09 15:00:00,3.124549022214848,435.338195972894
2018-05-09 15:30:00,3.077321914823087,412.14503928883545
2018-05-09 16:00:00,2.654063637949237,377.66872454144936
2018-05-09 16:30:00,2.784108204451067,435.338195972894
2018-05-09 17:00:00,2.22431375844554,313.78101386583126
2018-05-09 17:30:00,2.028702092610476,313.78101386583126
2018-05-09 18:00:00,2.315612322580363,313.78101386583126
2018-05-09 18:30:00,1.9502494178888607,307.49005438101426
2018-05-09 19:00:00,2.010530257964076,307.49005438101426
2018-05-09 19:30:00,1.8808682958897025,307.49005438101426
2018-05-09 20:00:00,1.89599739319752,307.49005438101426
2018-05-09 20:30:00,2.062728053625321,294.85330180195456
2018-05-09 21:00:00,1.9615036786634519,302.9456640610858
2018-05-09 21:30:00,1.6278509902042537,267.3819544705721
2018-05-09 22:00:00,1.8887349973101475,267.7605044535441
2018-05-09 22:30:00,1.5163806516375924,248.9705774235836
2018-05-09 23:00:00,1.6558025940594348,244.70349982804942
2018-05-09 23:30:00,1.4656568373296048,227.25598360670267
2018-05-10 00:00:00,1.4269424735552496,191.01452981254718
2018-05-10 07:00:00,1.681111117997106,227.25598360670267
2018-05-10 07:30:00,1.6860431674572671,227.25598360670267
2018-05-10 08:00:00,1.5698816561554974,248.9705774235836
2018-05-10 08:30:00,1.9438516942827917,267.7605044535441
2018-05-10 09:00:00,1.863352277686428,267.7605044535441
2018-05-10 09:30:00,1.7503808106886964,267.3819544705721
2018-05-10 10:00:00,2.256260254153407,302.9456640610858
2018-05-10 10:30:00,2.2003520528651657,294.85330180195456
2018-05-10 11:00:00,2.2548784734449434,307.49005438101426
2018-05-10 11:30:00,2.2889054937605064,319.571526828511
2018-05-10 12:00:00,1.9009401669388266,307.49005438101426
2018-05-10 12:30:00,1.99430710737186,319.571526828511
2018-05-10 13:00:00,2.3583140100276587,319.571526828511
2018-05-10 13:30:00,2.0096979870661302,319.571526828511
2018-05-10 14:00:00,2.0324937969710435,307.49005438101426
2018-05-10 14:30:00,2.288220610725711,319.571526828511
2018-05-10 15:00:00,2.1105484464518804,319.571526828511
2018-05-10 15:30:00,2.278373545846459,320.3010935286765
2018-05-10 16:00:00,2.1257758607568533,320.3010935286765
2018-05-10 16:30:00,2.0593912655659783,339.09347855437676
2018-05-10 17:00:00,2.3012673894357003,320.3010935286765
2018-05-10 17:30:00,2.049975293159651,294.85330180195456
2018-05-10 18:00:00,1.9617457370518683,319.571526828511
2018-05-10 18:30:00,1.9791662868885758,319.571526828511
2018-05-10 19:00:00,2.0582542037259652,294.85330180195456
2018-05-10 19:30:00,1.982626396440757,294.85330180195456
2018-05-10 20:00:00,1.943092567771672,319.571526828511
2018-05-10 20:30:00,1.9528218024222885,294.85330180195456
2018-05-10 21:00:00,2.080745473276266,294.85330180195456
2018-05-10 21:30:00,1.7066319754021806,267.3819544705721
2018-05-10 22:00:00,1.9774417709374035,267.7605044535441
2018-05-10 22:30:00,1.8258274138651762,248.9705774235836
2018-05-10 23:00:00,1.4873249937404802,244.70349982804942
2018-05-10 23:30:00,1.43346498023144,227.25598360670267
2018-05-11 00:00:00,1.835219456868158,248.9705774235836
2018-05-11 07:00:00,1.6875811853461784,227.25598360670267
2018-05-11 07:30:00,1.4291156630721282,227.25598360670267
2018-05-11 08:00:00,1.7236072636815165,244.70349982804942
2018-05-11 08:30:00,1.700649856469466,267.7605044535441
2018-05-11 09:00:00,1.9297532474481343,267.3819544705721
2018-05-11 09:30:00,2.1586547158012124,302.9456640610858
2018-05-11 10:00:00,1.8765100533869532,302.9456640610858
2018-05-11 10:30:00,1.9630765605666893,319.571526828511
2018-05-11 11:00:00,2.3427516591078894,319.571526828511
2018-05-11 11:30:00,1.9920861624578767,319.571526828511
2018-05-11 12:00:00,2.333050624446865,319.571526828511
2018-05-11 12:30:00,2.032202926676348,320.3010935286765
2018-05-11 13:00:00,2.1078793256727337,320.3010935286765
2018-05-11 13:30:00,2.1361843671718193,320.3010935286765
2018-05-11 14:00:00,2.0988921495289707,320.0359892893642
2018-05-11 14:30:00,2.354815955910651,320.0359892893642
2018-05-11 15:00:00,2.3041653020965245,320.3010935286765
2018-05-11 15:30:00,2.1357613097514685,320.3010935286765
2018-05-11 16:00:00,1.9897420862166,320.0359892893642
2018-05-11 16:30:00,1.849010300006095,294.85330180195456
2018-05-11 17:00:00,2.0784527908088903,294.85330180195456
2018-05-11 17:30:00,2.052536426633508,294.85330180195456
2018-05-11 18:00:00,2.2509195571456297,302.9456640610858
2018-05-11 18:30:00,1.893901645368425,294.85330180195456
2018-05-11 19:00:00,2.162331158793829,294.85330180195456
2018-05-11 19:30:00,1.9165264105633681,302.9456640610858
2018-05-11 20:00:00,2.102615910939684,294.85330180195456
2018-05-11 20:30:00,1.8736696391260588,294.85330180195456
2018-05-11 21:00:00,2.1920564954784028,302.9456640610858
2018-05-11 21:30:00,1.8039559577041713,267.3819544705721
2018-05-11 22:00:00,1.6718818796614188,267.3819544705721
2018-05-11 22:30:00,1.5401667291970007,248.9705774235836
2018-05-11 23:00:00,1.7560073181355025,267.7605044535441
2018-05-11 23:30:00,1.5572940996716138,244.70349982804942
2018-05-12 00:00:00,1.8460018658409423,248.9705774235836
2018-05-12 07:00:00,1.6651834274246808,227.25598360670267
2018-05-12 07:30:00,1.4900856112959484,227.25598360670267
2018-05-12 08:00:00,1.5319379270416282,248.9705774235836
2018-05-12 08:30:00,1.6716626952294702,267.3819544705721
2018-05-12 09:00:00,1.8068053956230834,267.3819544705721
2018-05-12 09:30:00,1.982305901893971,294.85330180195456
2018-05-12 10:00:00,2.2646929975241163,319.571526828511
2018-05-12 10:30:00,2.2595795568908197,319.571526828511
2018-05-12 11:00:00,2.6040700562073624,377.66872454144936
2018-05-12 11:30:00,2.7703562730171503,377.66872454144936
2018-05-12 12:00:00,2.6794785973553497,379.05004472522637
2018-05-12 12:30:00,2.4099177557400284,325.77977405490725
2018-05-12 13:00:00,2.584851330296645,412.14503928883545
2018-05-12 13:30:00,2.8569050417092114,412.14503928883545
2018-05-12 14:00:00,2.56175684040202,412.14503928883545
2018-05-12 14:30:00,2.148533568988269,325.77977405490725
2018-05-12 15:00:00,2.2595222227091063,325.77977405490725
2018-05-12 15:30:00,2.358406559890228,325.77977405490725
2018-05-12 16:00:00,2.5559309935884595,379.05004472522637
2018-05-12 16:30:00,2.813517084183043,379.05004472522637
2018-05-12 17:00:00,2.6615246475593595,377.66872454144936
2018-05-12 17:30:00,2.832012538446286,377.66872454144936
2018-05-12 18:00:00,2.110157327676007,332.65017187138295
2018-05-12 18:30:00,2.2387720322810827,332.65017187138295
2018-05-12 19:00:00,2.2123448370142045,313.78101386583126
2018-05-12 19:30:00,2.2989713065052566,313.78101386583126
2018-05-12 20:00:00,2.045588806644193,307.49005438101426
2018-05-12 20:30:00,1.967231532836034,319.571526828511
2018-05-12 21:00:00,1.8569922429125638,294.85330180195456
2018-05-12 21:30:00,2.0043719926269987,267.3819544705721
2018-05-12 22:00:00,2.024436612300905,302.9456640610858
2018-05-12 22:30:00,1.8796342825517656,267.7605044535441
2018-05-12 23:00:00,1.7881383389515086,248.9705774235836
2018-05-12 23:30:00,1.645801230446589,227.25598360670267
2018-05-13 00:00:00,1.6918049314895822,248.9705774235836
2018-05-13 07:00:00,1.562369941282839,227.25598360670267
2018-05-13 07:30:00,1.6595327308178367,227.25598360670267
2018-05-13 08:00:00,1.547843578399985,248.9705774235836
2018-05-13 08:30:00,1.9757665632687442,267.7605044535441
2018-05-13 09:00:00,2.1676024748485156,302.9456640610858
2018-05-13 09:30:00,2.237866491298697,319.571526828511
2018-05-13 10:00:00,1.9818084785283228,319.571526828511
2018-05-13 10:30:00,1.8715708363746728,307.49005438101426
2018-05-13 11:00:00,2.467819694276871,332.65017187138295
2018-05-13 11:30:00,2.7556075216768643,377.66872454144936
2018-05-13 12:00:00,2.682056354079206,435.338195972894
2018-05-13 12:30:00,2.8845885220552323,435.338195972894
2018-05-13 13:00:00,2.37718868683168,379.05004472522637
2018-05-13 13:30:00,3.1223403980810303,435.338195972894
2018-05-13 14:00:00,3.1659747134422904,435.338195972894
2018-05-13 14:30:00,2.6798240681810723,379.05004472522637
2018-05-13 15:00:00,2.559654517410106,379.05004472522637
2018-05-13 15:30:00,2.5507280654133284,379.05004472522637
2018-05-13 16:00:00,2.841761163797422,379.05004472522637
2018-05-13 16:30:00,2.6473298436371966,379.05004472522637
2018-05-13 17:00:00,2.419798093109878,332.65017187138295
2018-05-13 17:30:00,2.0484442092536925,332.65017187138295
2018-05-13 18:00:00,2.1199233903716492,313.78101386583126
2018-05-13 18:30:00,2.428277242015243,332.65017187138295
2018-05-13 19:00:00,1.8773325637346205,307.49005438101426
2018-05-13 19:30:00,2.010969803978117,307.49005438101426
2018-05-13 20:00:00,2.198269762549383,307.49005438101426
2018-05-13 20:30:00,2.0886975988967147,319.571526828511
2018-05-13 21:00:00,2.0136085748838104,294.85330180195456
2018-05-13 21:30:00,1.876120016625363,267.3819544705721
2018-05-13 22:00:00,1.7250212777007587,248.9705774235836
2018-05-13 22:30:00,1.8170172801402937,244.70349982804942
2018-05-13 23:00:00,1.5017540919301406,227.25598360670267
2018-05-13 23:30:00,1.5247010923063653,227.25598360670267
2018-05-14 00:00:00,1.533393661279722,227.25598360670267
2018-05-14 07:00:00,1.5524566364477868,227.25598360670267
2018-05-14 07:30:00,1.499370439240031,227.25598360670267
2018-05-14 08:00:00,1.5535390806626916,248.9705774235836
2018-05-14 08:30:00,1.5655353284015816,248.9705774235836
2018-05-14 09:00:00,1.9140908821200435,267.7605044535441
2018-05-14 09:30:00,1.6263168919556632,267.3819544705721
2018-05-14 10:00:00,1.7215170921272063,267.3819544705721
2018-05-14 10:30:00,1.9893764678315904,302.9456640610858
2018-05-14 11:00:00,2.0593330398955603,319.571526828511
2018-05-14 11:30:00,2.1589713699198807,319.571526828511
2018-05-14 12:00:00,2.0554194386814375,319.571526828511
2018-05-14 12:30:00,1.9926359878990074,307.49005438101426
2018-05-14 13:00:00,2.0015280410780734,307.49005438101426
2018-05-14 13:30:00,2.184293707823056,319.571526828511
2018-05-14 14:00:00,2.297875032275849,307.49005438101426
2018-05-14 14:30:00,2.2129983585897164,307.49005438101426
2018-05-14 15:00:00,1.915976939999639,307.49005438101426
2018-05-14 15:30:00,2.2608910076263244,319.571526828511
2018-05-14 16:00:00,2.3442998050344044,319.571526828511
2018-05-14 16:30:00,2.0107848646062214,319.571526828511
2018-05-14 17:00:00,2.2319715974439807,319.571526828511
2018-05-14 17:30:00,2.1180495906037304,319.571526828511
2018-05-14 18:00:00,1.9455133316699529,319.571526828511
2018-05-14 18:30:00,1.9866273667301917,294.85330180195456
2018-05-14 19:00:00,2.1316308704798472,319.571526828511
2018-05-14 19:30:00,2.0538564286342194,294.85330180195456
2018-05-14 20:00:00,2.346602863793934,319.571526828511
2018-05-14 20:30:00,2.2807339858899054,319.571526828511
2018-05-14 21:00:00,1.9892292987189022,294.85330180195456
2018-05-14 21:30:00,1.8243565885833921,267.3819544705721
2018-05-14 22:00:00,2.257494596912849,302.9456640610858
2018-05-14 22:30:00,1.900467586833233,267.3819544705721
2018-05-14 23:00:00,1.860961793094304,267.7605044535441
2018-05-14 23:30:00,1.5932397963634175,248.9705774235836
2018-05-15 00:00:00,1.388576056069783,227.25598360670267
2018-05-15 07:00:00,1.3831537289604812,227.25598360670267
2018-05-15 07:30:00,1.5014658959574205,227.25598360670267
2018-05-15 08:00:00,1.7261551378385083,248.9705774235836
2018-05-15 08:30:00,1.7032939338609119,248.9705774235836
2018-05-15 09:00:00,1.8125950263445572,267.3819544705721
2018-05-15 09:30:00,2.215724316643061,302.9456640610858
2018-05-15 10:00:00,2.0615290404132973,302.9456640610858
2018-05-15 10:30:00,2.1326568972032613,294.85330180195456
2018-05-15 11:00:00,2.0674825093426787,319.571526828511
2018-05-15 11:30:00,1.9593407890494083,319.571526828511
2018-05-15 12:00:00,2.128599503731275,319.571526828511
2018-05-15 12:30:00,2.1430626757525557,319.571526828511
2018-05-15 13:00:00,2.36109031269342,319.571526828511
2018-05-15 13:30:00,2.2606225202860637,339.09347855437676
2018-05-15 14:00:00,2.0680539621723772,339.09347855437676
2018-05-15 14:30:00,2.3772794579955283,339.09347855437676
2018-05-15 15:00:00,2.3629772723021296,339.09347855437676
2018-05-15 15:30:00,2.1257128529236224,307.5440489496922
2018-05-15 16:00:00,2.5170936452123547,339.09347855437676
2018-05-15 16:30:00,2.1364519014640853,320.3010935286765
2018-05-15 17:00:00,1.9566993386548295,320.3010935286765
2018-05-15 17:30:00,2.094278077382258,320.3010935286765
2018-05-15 18:00:00,2.060854464800746,320.0359892893642
2018-05-15 18:30:00,2.1436928580386154,320.3010935286765
2018-05-15 19:00:00,1.9684789737156212,320.0359892893642
2018-05-15 19:30:00,2.2254793451641888,320.3010935286765
2018-05-15 20:00:00,2.1034195545991934,320.3010935286765
2018-05-15 20:30:00,2.1791185277647216,320.0359892893642
2018-05-15 21:00:00,2.3130818585678545,320.0359892893642
2018-05-15 21:30:00,1.865886570038728,297.76734280898626
2018-05-15 22:00:00,2.134763049692873,302.9456640610858
2018-05-15 22:30:00,1.8037014678230698,267.3819544705721
2018-05-15 23:00:00,1.895981166461699,267.7605044535441
2018-05-15 23:30:00,1.7057699729172382,267.7605044535441
2018-05-16 00:00:00,1.6170977860656013,227.25598360670267
2018-05-16 07:00:00,1.6661546737951602,227.25598360670267
2018-05-16 07:30:00,1.6525116560626412,227.25598360670267
2018-05-16 08:00:00,1.7096836742384507,248.9705774235836
2018-05-16 08:30:00,1.7067191248414653,248.9705774235836
2018-05-16 09:00:00,1.7099925041851842,267.7605044535441
2018-05-16 09:30:00,2.0747220431342708,302.9456640610858
2018-05-16 10:00:00,2.1881671073986806,302.9456640610858
2018-05-16 10:30:00,2.2092138855837153,294.85330180195456
2018-05-16 11:00:00,1.9908437016355487,319.571526828511
2018-05-16 11:30:00,2.32157316201031,319.571526828511
2018-05-16 12:00:00,2.333751037224873,319.571526828511
2018-05-16 12:30:00,1.9649935547929527,307.49005438101426
2018-05-16 13:00:00,2.2828232707598115,307.49005438101426
2018-05-16 13:30:00,1.9738791951759433,307.49005438101426
2018-05-16 14:00:00,2.1025580332664533,313.78101386583126
2018-05-16 14:30:00,2.1961215571724266,307.49005438101426
2018-05-16 15:00:00,1.9049320467250477,307.49005438101426
2018-05-16 15:30:00,1.9062137693587948,307.49005438101426
2018-05-16 16:00:00,2.325988116793365,319.571526828511
2018-05-16 16:30:00,2.030430699094479,319.571526828511
2018-05-16 17:00:00,1.8838425275004744,294.85330180195456
2018-05-16 17:30:00,1.9323546370796265,294.85330180195456
2018-05-16 18:00:00,2.012918754687068,294.85330180195456
2018-05-16 18:30:00,2.3941768582517295,319.571526828511
2018-05-16 19:00:00,2.224471112469824,319.571526828511
2018-05-16 19:30:00,1.8806768468117865,294.85330180195456
2018-05-16 20:00:00,1.942527825049919,319.571526828511
2018-05-16 20:30:00,1.805724873630207,294.85330180195456
2018-05-16 21:00:00,2.046440532845062,294.85330180195456
2018-05-16 21:30:00,1.6465422146703668,267.3819544705721
2018-05-16 22:00:00,1.8256423116084373,267.3819544705721
2018-05-16 22:30:00,1.6040885976078338,248.9705774235836
2018-05-16 23:00:00,1.5947166534437571,244.70349982804942
2018-05-16 23:30:00,1.3989585011180123,227.25598360670267
2018-05-17 00:00:00,1.3916604767554228,191.01452981254718
2018-05-17 07:00:00,1.4407809844417865,227.25598360670267
2018-05-17 07:30:00,1.634645764513452,227.25598360670267
2018-05-17 08:00:00,1.8390940432401013,248.9705774235836
2018-05-17 08:30:00,1.7026739695881397,267.7605044535441
2018-05-17 09:00:00,1.949913942284687,267.3819544705721
2018-05-17 09:30:00,1.8489515197350377,302.9456640610858
2018-05-17 10:00:00,1.9770351483128854,302.9456640610858
2018-05-17 10:30:00,2.20938177565131,294.85330180195456
2018-05-17 11:00:00,2.2714483171683164,319.571526828511
2018-05-17 11:30:00,2.25652986445658,319.571526828511
2018-05-17 12:00:00,2.2608250253894075,319.571526828511
2018-05-17 12:30:00,2.109319345506201,319.571526828511
2018-05-17 13:00:00,2.3795148968077093,319.571526828511
2018-05-17 13:30:00,1.9799164317327764,307.49005438101426
2018-05-17 14:00:00,2.337621490688727,319.571526828511
2018-05-17 14:30:00,2.1403940011364266,319.571526828511
2018-05-17 15:00:00,2.0776452034957513,319.571526828511
2018-05-17 15:30:00,2.062932213174573,319.571526828511
2018-05-17 16:00:00,2.0783231949876413,319.571526828511
2018-05-17 16:30:00,2.1835629895103175,319.571526828511
2018-05-17 17:00:00,2.0894361475477803,319.571526828511
2018-05-17 17:30:00,2.0717133574225954,294.85330180195456
2018-05-17 18:00:00,2.1941038108621553,294.85330180195456
2018-05-17 18:30:00,1.950719454873774,294.85330180195456
2018-05-17 19:00:00,2.0531070228606,294.85330180195456
2018-05-17 19:30:00,1.9607503367064905,294.85330180195456
2018-05-17 20:00:00,2.0301135081663024,294.85330180195456
2018-05-17 20:30:00,1.8001906440101734,294.85330180195456
2018-05-17 21:00:00,2.107348992516205,294.85330180195456
2018-05-17 21:30:00,2.2288411146776785,302.9456640610858
2018-05-17 22:00:00,1.954489222620315,267.3819544705721
2018-05-17 22:30:00,1.8176228008590496,248.9705774235836
2018-05-17 23:00:00,1.848570652813627,248.9705774235836
2018-05-17 23:30:00,1.4292932060828358,227.25598360670267
2018-05-18 00:00:00,1.6539975239829006,248.9705774235836
2018-05-18 07:00:00,1.4867660596282344,227.25598360670267
2018-05-18 07:30:00,1.5279900321218771,227.25598360670267
2018-05-18 08:00:00,1.7843021813432096,248.9705774235836
2018-05-18 08:30:00,1.5936427273256684,248.9705774235836
2018-05-18 09:00:00,1.696452919096998,267.7605044535441
2018-05-18 09:30:00,2.1623733662874343,297.76734280898626
2018-05-18 10:00:00,1.9737065289599778,320.0359892893642
2018-05-18 10:30:00,2.394183794808516,320.0359892893642
2018-05-18 11:00:00,2.371292707398785,320.3010935286765
2018-05-18 11:30:00,2.0326597421339296,320.3010935286765
2018-05-18 12:00:00,2.286067884509511,320.3010935286765
2018-05-18 12:30:00,1.9542700854804742,320.3010935286765
2018-05-18 13:00:00,2.282891438856645,320.3010935286765
2018-05-18 13:30:00,1.9838144957519446,320.3010935286765
2018-05-18 14:00:00,2.02643760833883,320.3010935286765
2018-05-18 14:30:00,2.3821205147472693,320.3010935286765
2018-05-18 15:00:00,2.1284680739722366,320.3010935286765
2018-05-18 15:30:00,2.227642878531738,320.3010935286765
2018-05-18 16:00:00,2.285629183044679,320.0359892893642
2018-05-18 16:30:00,2.139992463942889,320.0359892893642
2018-05-18 17:00:00,2.207815485773822,320.0359892893642
2018-05-18 17:30:00,1.857936656723204,297.76734280898626
2018-05-18 18:00:00,2.1950255083004686,294.85330180195456
2018-05-18 18:30:00,2.030722731227639,302.9456640610858
2018-05-18 19:00:00,2.009638114178968,294.85330180195456
2018-05-18 19:30:00,2.0270528084190964,302.9456640610858
2018-05-18 20:00:00,2.193625871386408,319.571526828511
2018-05-18 20:30:00,1.8679941609567032,294.85330180195456
2018-05-18 21:00:00,2.003324172212197,302.9456640610858
2018-05-18 21:30:00,1.8412508749495176,302.9456640610858
2018-05-18 22:00:00,1.7882121414174346,267.3819544705721
2018-05-18 22:30:00,1.7309491459961097,248.9705774235836
2018-05-18 23:00:00,1.513971911098005,248.9705774235836
2018-05-18 23:30:00,1.7266124467237756,244.70349982804942
2018-05-19 00:00:00,1.691553388610606,248.9705774235836
2018-05-19 07:00:00,1.6788817548628725,227.25598360670267
2018-05-19 07:30:00,1.4488000157958016,227.25598360670267
2018-05-19 08:00:00,1.724958472604384,248.9705774235836
2018-05-19 08:30:00,1.8267073094551085,267.7605044535441
2018-05-19 09:00:00,1.6902602582031525,267.3819544705721
2018-05-19 09:30:00,2.234000611007201,302.9456640610858
2018-05-19 10:00:00,2.1900755605207856,294.85330180195456
2018-05-19 10:30:00,2.004246654339868,319.571526828511
2018-05-19 11:00:00,2.319175865285858,377.66872454144936
2018-05-19 11:30:00,2.450054514807204,377.66872454144936
2018-05-19 12:00:00,2.738434273568877,379.05004472522637
2018-05-19 12:30:00,3.137727953388595,435.338195972894
2018-05-19 13:00:00,2.857798672580591,435.338195972894
2018-05-19 13:30:00,3.1353312333861414,435.338195972894
2018-05-19 14:00:00,2.6464288637766105,435.338195972894
2018-05-19 14:30:00,3.1974858179916215,435.338195972894
2018-05-19 15:00:00,2.817147234398673,412.14503928883545
2018-05-19 15:30:00,2.3035317711890246,325.77977405490725
2018-05-19 16:00:00,2.4331041130081617,325.77977405490725
2018-05-19 16:30:00,2.9159685556019124,435.338195972894
2018-05-19 17:00:00,2.41646551331312,377.66872454144936
2018-05-19 17:30:00,2.0487390009893565,332.65017187138295
2018-05-19 18:00:00,2.005587142464386,313.78101386583126
2018-05-19 18:30:00,2.140028619333014,313.78101386583126
2018-05-19 19:00:00,1.9444896614625844,313.78101386583126
2018-05-19 19:30:00,1.9250927510495974,307.49005438101426
2018-05-19 20:00:00,1.9027172907150085,307.49005438101426
2018-05-19 20:30:00,2.0988660861872557,319.571526828511
2018-05-19 21:00:00,2.3190195799681907,319.571526828511
2018-05-19 21:30:00,1.9357067355623476,267.3819544705721
2018-05-19 22:00:00,1.8693181660880795,267.3819544705721
2018-05-19 22:30:00,1.7946245728134473,267.7605044535441
2018-05-19 23:00:00,1.7009715215714865,248.9705774235836
2018-05-19 23:30:00,1.5828725768620084,227.25598360670267
2018-05-20 00:00:00,1.6907372664496962,248.9705774235836
2018-05-20 07:00:00,1.421383468982127,227.25598360670267
2018-05-20 07:30:00,1.541476997823154,227.25598360670267
2018-05-20 08:00:00,1.836594165729072,248.9705774235836
2018-05-20 08:30:00,1.6501460086696054,267.7605044535441
2018-05-20 09:00:00,2.000026400626977,302.9456640610858
2018-05-20 09:30:00,2.11419268167089,294.85330180195456
2018-05-20 10:00:00,2.1305011434453545,319.571526828511
2018-05-20 10:30:00,2.0608133017390844,307.49005438101426
2018-05-20 11:00:00,2.297054193643462,332.65017187138295
2018-05-20 11:30:00,2.8003968090474207,377.66872454144936
2018-05-20 12:00:00,2.9646126303372013,435.338195972894
2018-05-20 12:30:00,2.7312676567408163,435.338195972894
2018-05-20 13:00:00,2.7545866969966677,379.05004472522637
2018-05-20 13:30:00,2.8472409494279445,435.338195972894
2018-05-20 14:00:00,2.6838837291982642,435.338195972894
2018-05-20 14:30:00,3.1698067602353124,435.338195972894
2018-05-20 15:00:00,2.373509790231861,379.05004472522637
2018-05-20 15:30:00,2.711919596940141,379.05004472522637
2018-05-20 16:00:00,3.1514897736524206,435.338195972894
2018-05-20 16:30:00,3.218445790286538,435.338195972894
2018-05-20 17:00:00,2.4317970541577787,332.65017187138295
2018-05-20 17:30:00,2.336613018269015,332.65017187138295
2018-05-20 18:00:00,1.9519334724184714,313.78101386583126
2018-05-20 18:30:00,2.071312649978745,313.78101386583126
2018-05-20 19:00:00,2.211659460742449,307.49005438101426
2018-05-20 19:30:00,2.036529067079363,307.49005438101426
2018-05-20 20:00:00,2.2575251102476197,307.49005438101426
2018-05-20 20:30:00,2.0761160307119946,294.85330180195456
2018-05-20 21:00:00,2.1861676408668056,294.85330180195456
2018-05-20 21:30:00,1.7714834123371288,267.3819544705721
2018-05-20 22:00:00,1.7467300585271048,248.9705774235836
2018-05-20 22:30:00,1.5680213891578776,248.9705774235836
2018-05-20 23:00:00,1.5986499455815875,227.25598360670267
2018-05-20 23:30:00,1.37550419454202,191.01452981254718
2018-05-21 00:00:00,1.585453499628675,227.25598360670267
2018-05-21 07:00:00,1.6150381778641707,227.25598360670267
2018-05-21 07:30:00,1.5496733035230508,227.25598360670267
2018-05-21 08:00:00,1.6535307516182332,248.9705774235836
2018-05-21 08:30:00,1.6886540890571136,248.9705774235836
2018-05-21 09:00:00,1.8864164263418395,267.7605044535441
2018-05-21 09:30:00,1.7609896351764636,267.3819544705721
2018-05-21 10:00:00,2.2270386977542054,302.9456640610858
2018-05-21 10:30:00,1.8960102052832544,302.9456640610858
2018-05-21 11:00:00,2.244136268121941,319.571526828511
2018-05-21 11:30:00,2.132076444688637,319.571526828511
2018-05-21 12:00:00,2.171764635506653,319.571526828511
2018-05-21 12:30:00,2.0578139296551123,319.571526828511
2018-05-21 13:00:00,2.145902259367058,320.3010935286765
2018-05-21 13:30:00,2.102973399793121,339.09347855437676
2018-05-21 14:00:00,2.365321014817307,339.09347855437676
2018-05-21 14:30:00,2.5050176639967465,339.09347855437676
2018-05-21 15:00:00,2.410605978225669,339.09347855437676
2018-05-21 15:30:00,2.0861914268369617,320.3010935286765
2018-05-21 16:00:00,2.0166469623727807,319.571526828511
2018-05-21 16:30:00,2.125276021543088,307.49005438101426
2018-05-21 17:00:00,1.986565016358669,294.85330180195456
2018-05-21 17:30:00,2.1438595044712474,294.85330180195456
2018-05-21 18:00:00,2.0543578845571924,294.85330180195456
2018-05-21 18:30:00,1.9665176063440684,319.571526828511
2018-05-21 19:00:00,1.9061677068248892,294.85330180195456
2018-05-21 19:30:00,1.931291059788732,294.85330180195456
2018-05-21 20:00:00,2.072181100061424,319.571526828511
2018-05-21 20:30:00,2.1564354420568996,319.571526828511
2018-05-21 21:00:00,2.200449160912972,294.85330180195456
2018-05-21 21:30:00,1.9709577794622068,302.9456640610858
2018-05-21 22:00:00,1.9254894097301927,267.3819544705721
2018-05-21 22:30:00,1.589060086450412,248.9705774235836
2018-05-21 23:00:00,1.7814264879974135,244.70349982804942
2018-05-21 23:30:00,1.5439067898287686,227.25598360670267
2018-05-22 00:00:00,1.2269023526706297,191.01452981254718
2018-05-22 07:00:00,1.4019785561563345,227.25598360670267
2018-05-22 07:30:00,1.4358743789997144,227.25598360670267
2018-05-22 08:00:00,1.8343259759021262,248.9705774235836
2018-05-22 08:30:00,1.8455642369234235,248.9705774235836
2018-05-22 09:00:00,1.9488372103869753,267.7605044535441
2018-05-22 09:30:00,2.1112167136017344,302.9456640610858
2018-05-22 10:00:00,2.078556232839793,302.9456640610858
2018-05-22 10:30:00,1.8132579153762831,294.85330180195456
2018-05-22 11:00:00,2.3674072631817036,319.571526828511
2018-05-22 11:30:00,2.1179216645199808,319.571526828511
2018-05-22 12:00:00,2.2179243344239707,319.571526828511
2018-05-22 12:30:00,2.118772955815021,319.571526828511
2018-05-22 13:00:00,2.2413348252085163,319.571526828511
2018-05-22 13:30:00,2.3216255535096106,319.571526828511
2018-05-22 14:00:00,2.015940170960415,319.571526828511
2018-05-22 14:30:00,1.9746311135586396,307.49005438101426
2018-05-22 15:00:00,2.0559941762958305,307.49005438101426
2018-05-22 15:30:00,2.0245768985126413,307.49005438101426
2018-05-22 16:00:00,2.2754041727774514,320.3010935286765
2018-05-22 16:30:00,2.0254751434645386,319.571526828511
2018-05-22 17:00:00,1.8732341574777258,294.85330180195456
2018-05-22 17:30:00,2.3454807809480225,319.571526828511
2018-05-22 18:00:00,2.127839141617161,319.571526828511
2018-05-22 18:30:00,2.1742565695048635,319.571526828511
2018-05-22 19:00:00,1.9206065895661917,294.85330180195456
2018-05-22 19:30:00,2.011336554185925,294.85330180195456
2018-05-22 20:00:00,2.2741894084684278,319.571526828511
2018-05-22 20:30:00,2.0269221977830214,294.85330180195456
2018-05-22 21:00:00,2.0735593692974152,294.85330180195456
2018-05-22 21:30:00,2.1495273915763113,302.9456640610858
2018-05-22 22:00:00,1.8623926663595378,267.3819544705721
2018-05-22 22:30:00,1.645889755101805,248.9705774235836
2018-05-22 23:00:00,1.5949523784652784,248.9705774235836
2018-05-22 23:30:00,1.654764543347586,227.25598360670267
2018-05-23 00:00:00,1.1871734271597354,191.01452981254718
2018-05-23 07:00:00,1.460124383842043,227.25598360670267
2018-05-23 07:30:00,1.555431335682435,227.25598360670267
2018-05-23 08:00:00,1.6454996970623719,248.9705774235836
2018-05-23 08:30:00,1.839856181371666,248.9705774235836
2018-05-23 09:00:00,1.7422511615905651,274.8442194413914
2018-05-23 09:30:00,2.059258045961597,274.8442194413914
2018-05-23 10:00:00,2.114893125078412,297.76734280898626
2018-05-23 10:30:00,2.1353578487640155,320.0359892893642
2018-05-23 11:00:00,1.9714673420254543,320.3010935286765
2018-05-23 11:30:00,2.0823614090904083,320.3010935286765
2018-05-23 12:00:00,2.449167850109482,339.09347855437676
2018-05-23 12:30:00,2.2101084659437613,320.3010935286765
2018-05-23 13:00:00,2.020782618512179,320.3010935286765
2018-05-23 13:30:00,2.0938332778769833,320.3010935286765
2018-05-23 14:00:00,2.1917479264645823,339.09347855437676
2018-05-23 14:30:00,2.312500956912801,320.3010935286765
2018-05-23 15:00:00,2.541781565008188,339.09347855437676
2018-05-23 15:30:00,2.044547755861937,320.3010935286765
2018-05-23 16:00:00,2.0981104946239277,339.09347855437676
2018-05-23 16:30:00,2.1632333051644235,320.3010935286765
2018-05-23 17:00:00,2.122191900953317,320.3010935286765
2018-05-23 17:30:00,1.9105217308158258,294.85330180195456
2018-05-23 18:00:00,2.0226248407321545,294.85330180195456
2018-05-23 18:30:00,2.2143332510125786,319.571526828511
2018-05-23 19:00:00,2.3114126678366076,319.571526828511
2018-05-23 19:30:00,2.0964505353087097,294.85330180195456
2018-05-23 20:00:00,1.9073681539240803,294.85330180195456
2018-05-23 20:30:00,1.9541519426294702,294.85330180195456
2018-05-23 21:00:00,1.8827766121482346,302.9456640610858
2018-05-23 21:30:00,2.138738957885991,302.9456640610858
2018-05-23 22:00:00,1.662454445442642,267.3819544705721
2018-05-23 22:30:00,1.7792117845233184,248.9705774235836
2018-05-23 23:00:00,1.5220727979895776,244.70349982804942
2018-05-23 23:30:00,1.4741835250798916,227.25598360670267
2018-05-24 00:00:00,1.1635594209871656,191.01452981254718
2018-05-24 07:00:00,1.430156309341495,227.25598360670267
2018-05-24 07:30:00,1.4664321435482854,227.25598360670267
2018-05-24 08:00:00,1.975330588196382,277.13463466322025
2018-05-24 08:30:00,1.699751903929151,277.13463466322025
2018-05-24 09:00:00,2.0006600934606014,274.8442194413914
2018-05-24 09:30:00,1.9412305896616953,297.76734280898626
2018-05-24 10:00:00,1.873777125226619,297.76734280898626
2018-05-24 10:30:00,2.0037190064164436,320.0359892893642
2018-05-24 11:00:00,2.1361617115118734,320.3010935286765
2018-05-24 11:30:00,1.9882629146698136,320.3010935286765
2018-05-24 12:00:00,2.1320540766729854,320.3010935286765
2018-05-24 12:30:00,2.0996620096428633,320.3010935286765
2018-05-24 13:00:00,1.984114581811141,320.3010935286765
2018-05-24 13:30:00,2.2977935005033,320.3010935286765
2018-05-24 14:00:00,2.219493226732145,339.09347855437676
2018-05-24 14:30:00,2.2261338017984507,320.3010935286765
2018-05-24 15:00:00,2.1453678014614406,320.3010935286765
2018-05-24 15:30:00,2.35931564853483,320.3010935286765
2018-05-24 16:00:00,2.117993080239762,320.3010935286765
2018-05-24 16:30:00,2.3013301485778093,320.3010935286765
2018-05-24 17:00:00,1.9705824644196182,319.571526828511
2018-05-24 17:30:00,2.17530623298767,319.571526828511
2018-05-24 18:00:00,2.3526844733587655,319.571526828511
2018-05-24 18:30:00,2.1209299110226687,319.571526828511
2018-05-24 19:00:00,1.8413553411639403,294.85330180195456
2018-05-24 19:30:00,2.0228717530096234,294.85330180195456
2018-05-24 20:00:00,2.176211323331411,319.571526828511
2018-05-24 20:30:00,2.044319554685732,294.85330180195456
2018-05-24 21:00:00,1.820096169865193,294.85330180195456
2018-05-24 21:30:00,1.7022242344738343,267.3819544705721
2018-05-24 22:00:00,1.911954956434043,267.3819544705721
2018-05-24 22:30:00,1.6969299515317315,248.9705774235836
2018-05-24 23:00:00,1.7515694498618581,248.9705774235836
2018-05-24 23:30:00,1.6023433567702583,227.25598360670267
2018-05-25 00:00:00,1.588139107792975,248.9705774235836
2018-05-25 07:00:00,1.542862851125407,227.25598360670267
2018-05-25 07:30:00,1.6202496290696144,227.25598360670267
2018-05-25 08:00:00,1.5942829609952622,248.9705774235836
2018-05-25 08:30:00,1.807414381313528,248.9705774235836
2018-05-25 09:00:00,1.7247521902779424,267.3819544705721
2018-05-25 09:30:00,1.9338675733721724,302.9456640610858
2018-05-25 10:00:00,2.0292071119709014,302.9456640610858
2018-05-25 10:30:00,1.7918189247773886,294.85330180195456
2018-05-25 11:00:00,2.1399542798877276,294.85330180195456
2018-05-25 11:30:00,2.2067482015132236,319.571526828511
2018-05-25 12:00:00,2.2636760307831065,307.49005438101426
2018-05-25 12:30:00,2.3441213529897973,339.09347855437676
2018-05-25 13:00:00,2.2395679315916155,320.3010935286765
2018-05-25 13:30:00,2.32760371070248,320.3010935286765
2018-05-25 14:00:00,2.1516672686360354,320.0359892893642
2018-05-25 14:30:00,1.9486762238597164,320.3010935286765
2018-05-25 15:00:00,2.070966390805408,320.0359892893642
2018-05-25 15:30:00,2.134569150523441,320.0359892893642
2018-05-25 16:00:00,2.081429507960114,294.85330180195456
2018-05-25 16:30:00,1.8444272259344956,294.85330180195456
2018-05-25 17:00:00,2.0408097257765876,294.85330180195456
2018-05-25 17:30:00,1.8811710149061789,294.85330180195456
2018-05-25 18:00:00,1.9668020446281662,294.85330180195456
2018-05-25 18:30:00,2.255886337172709,302.9456640610858
2018-05-25 19:00:00,1.9622857997787395,294.85330180195456
2018-05-25 19:30:00,1.955042077109783,294.85330180195456
2018-05-25 20:00:00,2.324340442912837,319.571526828511
2018-05-25 20:30:00,2.1482932546673768,302.9456640610858
2018-05-25 21:00:00,2.0673978796929626,294.85330180195456
2018-05-25 21:30:00,2.011794957172782,302.9456640610858
2018-05-25 22:00:00,2.0105355461403605,302.9456640610858
2018-05-25 22:30:00,1.8963101605499209,267.7605044535441
2018-05-25 23:00:00,1.862799799557908,248.9705774235836
2018-05-25 23:30:00,1.8278517757156398,244.70349982804942
2018-05-26 00:00:00,1.6503072325538433,248.9705774235836
2018-05-26 07:00:00,1.4318044508047363,227.25598360670267
2018-05-26 07:30:00,1.4039890841763505,227.25598360670267
2018-05-26 08:00:00,1.8223960476587837,248.9705774235836
2018-05-26 08:30:00,1.9071697033839925,267.7605044535441
2018-05-26 09:00:00,2.0566285253550944,302.9456640610858
2018-05-26 09:30:00,1.878541907534841,294.85330180195456
2018-05-26 10:00:00,2.070672641490293,320.0359892893642
2018-05-26 10:30:00,1.9468319603936353,320.3010935286765
2018-05-26 11:00:00,2.2043057747110617,332.43774093887345
2018-05-26 11:30:00,2.4564028418809474,349.72949961410086
2018-05-26 12:00:00,2.512757288981547,412.14503928883545
2018-05-26 12:30:00,2.003106670976317,325.77977405490725
2018-05-26 13:00:00,2.5899093662404296,374.65718504304954
2018-05-26 13:30:00,2.020724874118614,325.77977405490725
2018-05-26 14:00:00,2.4338366238156834,325.77977405490725
2018-05-26 14:30:00,2.6163893229131374,412.14503928883545
2018-05-26 15:00:00,2.881126859701204,412.14503928883545
2018-05-26 15:30:00,2.9913863703446157,412.14503928883545
2018-05-26 16:00:00,2.7470512051676006,412.14503928883545
2018-05-26 16:30:00,2.783125257085071,412.14503928883545
2018-05-26 17:00:00,2.329561837736829,349.72949961410086
2018-05-26 17:30:00,2.2206500401596094,349.72949961410086
2018-05-26 18:00:00,2.0905844633690274,332.43774093887345
2018-05-26 18:30:00,2.230957996942091,313.78101386583126
2018-05-26 19:00:00,2.062323504094039,313.78101386583126
2018-05-26 19:30:00,2.2613488267680917,307.49005438101426
2018-05-26 20:00:00,1.9020877540053822,307.49005438101426
2018-05-26 20:30:00,2.0634099646385473,307.49005438101426
2018-05-26 21:00:00,2.302694310046104,307.49005438101426
2018-05-26 21:30:00,1.8493911731761976,302.9456640610858
2018-05-26 22:00:00,1.9957217145619977,302.9456640610858
2018-05-26 22:30:00,1.9288887363830267,267.7605044535441
2018-05-26 23:00:00,1.8146165659566835,244.70349982804942
2018-05-26 23:30:00,1.6067578206524473,227.25598360670267
2018-05-27 00:00:00,1.5220809427920623,248.9705774235836
2018-05-27 07:00:00,1.6633221814164043,227.25598360670267
2018-05-27 07:30:00,1.5519661716773323,227.25598360670267
2018-05-27 08:00:00,1.6561875814960805,248.9705774235836
2018-05-27 08:30:00,1.791673684520347,267.7605044535441
2018-05-27 09:00:00,2.133485967024019,302.9456640610858
2018-05-27 09:30:00,2.124266329319219,294.85330180195456
2018-05-27 10:00:00,2.065212167952695,319.571526828511
2018-05-27 10:30:00,2.034152621135933,307.49005438101426
2018-05-27 11:00:00,2.4586177847381636,332.65017187138295
2018-05-27 11:30:00,2.2390896097643864,332.65017187138295
2018-05-27 12:00:00,2.6924914209278854,435.338195972894
2018-05-27 12:30:00,2.6402102742467006,379.05004472522637
2018-05-27 13:00:00,2.831141995476917,435.338195972894
2018-05-27 13:30:00,2.571451201821061,379.05004472522637
2018-05-27 14:00:00,3.008190668453741,435.338195972894
2018-05-27 14:30:00,2.6638172842399235,379.05004472522637
2018-05-27 15:00:00,2.9047371149519035,435.338195972894
2018-05-27 15:30:00,2.317373310582148,379.05004472522637
2018-05-27 16:00:00,2.802529727820223,435.338195972894
2018-05-27 16:30:00,2.3266807939698353,379.05004472522637
2018-05-27 17:00:00,2.249803107389989,332.65017187138295
2018-05-27 17:30:00,2.3091786518018353,332.65017187138295
2018-05-27 18:00:00,1.9303922051032012,313.78101386583126
2018-05-27 18:30:00,2.2093361046677997,313.78101386583126
2018-05-27 19:00:00,2.2081893980400196,313.78101386583126
2018-05-27 19:30:00,2.259282109235098,307.49005438101426
2018-05-27 20:00:00,1.9242084115649143,307.49005438101426
2018-05-27 20:30:00,1.9645376026069463,319.571526828511
2018-05-27 21:00:00,1.938952165215669,294.85330180195456
2018-05-27 21:30:00,1.6918009788577928,267.3819544705721
2018-05-27 22:00:00,1.64829133957054,248.9705774235836
2018-05-27 22:30:00,1.7385532009321367,248.9705774235836
2018-05-27 23:00:00,1.5429462434490249,227.25598360670267
2018-05-27 23:30:00,1.1644969768133393,191.01452981254718
2018-05-28 00:00:00,1.5520852789691266,227.25598360670267
2018-05-28 07:00:00,1.4112135713442662,227.25598360670267
2018-05-28 07:30:00,1.2048587319301998,191.01452981254718
2018-05-28 08:00:00,1.6697800983569508,248.9705774235836
2018-05-28 08:30:00,1.8019535428318016,248.9705774235836
2018-05-28 09:00:00,1.591779838162176,248.9705774235836
2018-05-28 09:30:00,1.9353969437193053,267.3819544705721
2018-05-28 10:00:00,1.707653854468484,267.3819544705721
2018-05-28 10:30:00,1.8678258912912233,302.9456640610858
2018-05-28 11:00:00,2.1978286590444625,294.85330180195456
2018-05-28 11:30:00,1.8355847574448307,294.85330180195456
2018-05-28 12:00:00,2.019238391923009,319.571526828511
2018-05-28 12:30:00,2.1041471012200597,319.571526828511
2018-05-28 13:00:00,2.21283414283065,307.49005438101426
2018-05-28 13:30:00,2.2814401345160253,307.49005438101426
2018-05-28 14:00:00,2.300201513475855,319.571526828511
2018-05-28 14:30:00,2.038211122065077,319.571526828511
2018-05-28 15:00:00,1.9659810450922326,319.571526828511
2018-05-28 15:30:00,2.3558146389341768,319.571526828511
2018-05-28 16:00:00,1.952214538766022,319.571526828511
2018-05-28 16:30:00,2.313848442598073,319.571526828511
2018-05-28 17:00:00,2.0523300893100167,294.85330180195456
2018-05-28 17:30:00,2.2040742126640964,319.571526828511
2018-05-28 18:00:00,2.0084945494470503,319.571526828511
2018-05-28 18:30:00,1.8211264077719866,294.85330180195456
2018-05-28 19:00:00,2.076886784387924,319.571526828511
2018-05-28 19:30:00,1.82608102259075,294.85330180195456
2018-05-28 20:00:00,2.150203781772953,319.571526828511
2018-05-28 20:30:00,2.1310672256644656,294.85330180195456
2018-05-28 21:00:00,2.1860798624083326,302.9456640610858
2018-05-28 21:30:00,1.9319502115210314,267.3819544705721
2018-05-28 22:00:00,1.6706860446516216,267.7605044535441
2018-05-28 22:30:00,1.7934897080509968,248.9705774235836
2018-05-28 23:00:00,1.8024654908651587,244.70349982804942
2018-05-28 23:30:00,1.4522255772823511,227.25598360670267
2018-05-29 00:00:00,1.2129875006365871,191.01452981254718
2018-05-29 07:00:00,1.4689494339694733,227.25598360670267
2018-05-29 07:30:00,1.5776933938646334,227.25598360670267
2018-05-29 08:00:00,1.7569258737813325,248.9705774235836
2018-05-29 08:30:00,1.675306794413572,248.9705774235836
2018-05-29 09:00:00,1.729088927787459,267.3819544705721
2018-05-29 09:30:00,1.7661180900742641,267.3819544705721
2018-05-29 10:00:00,2.106412760098175,302.9456640610858
2018-05-29 10:30:00,1.846203917424372,294.85330180195456
2018-05-29 11:00:00,2.120483868965512,294.85330180195456
2018-05-29 11:30:00,2.1140799381058137,319.571526828511
2018-05-29 12:00:00,1.98337155122772,319.571526828511
2018-05-29 12:30:00,2.272391508234308,307.49005438101426
2018-05-29 13:00:00,2.1008214939911802,320.3010935286765
2018-05-29 13:30:00,2.0303204180864793,320.3010935286765
2018-05-29 14:00:00,2.2961373449015543,320.3010935286765
2018-05-29 14:30:00,2.0962935241980767,339.09347855437676
2018-05-29 15:00:00,2.1437536387702827,307.5440489496922
2018-05-29 15:30:00,2.3429249525541,328.4778040339682
2018-05-29 16:00:00,1.9716804348897943,307.5440489496922
2018-05-29 16:30:00,2.242176974379518,307.5440489496922
2018-05-29 17:00:00,2.2471466764799772,308.4331942101558
2018-05-29 17:30:00,2.2201085253049744,320.3010935286765
2018-05-29 18:00:00,2.3884006911488567,320.3010935286765
2018-05-29 18:30:00,2.1620190006901865,320.0359892893642
2018-05-29 19:00:00,2.162179822056873,320.0359892893642
2018-05-29 19:30:00,2.1052183850947546,320.3010935286765
2018-05-29 20:00:00,2.1780044808119854,320.3010935286765
2018-05-29 20:30:00,2.093350992236957,320.0359892893642
2018-05-29 21:00:00,2.327338003193279,320.0359892893642
2018-05-29 21:30:00,2.097316041494714,297.76734280898626
2018-05-29 22:00:00,1.8034216610530838,274.8442194413914
2018-05-29 22:30:00,1.880022743261983,277.13463466322025
2018-05-29 23:00:00,1.6148885445094876,249.8639386073004
2018-05-29 23:30:00,1.5893306984477775,227.25598360670267
2018-05-30 00:00:00,1.412453399232406,191.01452981254718
2018-05-30 07:00:00,1.6675735438817427,227.25598360670267
2018-05-30 07:30:00,1.5845136226891658,227.25598360670267
2018-05-30 08:00:00,1.797502193188914,248.9705774235836
2018-05-30 08:30:00,1.8404093273818178,267.7605044535441
2018-05-30 09:00:00,1.8790290687917623,267.3819544705721
2018-05-30 09:30:00,1.9514940852736031,302.9456640610858
2018-05-30 10:00:00,2.178050213260562,302.9456640610858
2018-05-30 10:30:00,2.00425871469432,294.85330180195456
2018-05-30 11:00:00,2.1910821412678407,319.571526828511
2018-05-30 11:30:00,2.025574513977389,319.571526828511
2018-05-30 12:00:00,2.212133378875349,319.571526828511
2018-05-30 12:30:00,2.1606760635728794,319.571526828511
2018-05-30 13:00:00,2.043834219253579,319.571526828511
2018-05-30 13:30:00,2.1934736796551695,319.571526828511
2018-05-30 14:00:00,1.8908429633053354,307.49005438101426
2018-05-30 14:30:00,2.1999541831472733,307.49005438101426
2018-05-30 15:00:00,2.216508326031962,307.49005438101426
2018-05-30 15:30:00,2.3614387059237036,339.09347855437676
2018-05-30 16:00:00,1.9901199088658321,319.571526828511
2018-05-30 16:30:00,2.135457690484362,319.571526828511
2018-05-30 17:00:00,2.334809828242116,319.571526828511
2018-05-30 17:30:00,1.9926019379565718,294.85330180195456
2018-05-30 18:00:00,2.024584940170512,319.571526828511
2018-05-30 18:30:00,2.3324323937697606,319.571526828511
2018-05-30 19:00:00,1.9956641477893928,319.571526828511
2018-05-30 19:30:00,2.3377139866155705,319.571526828511
2018-05-30 20:00:00,2.148831471175824,319.571526828511
2018-05-30 20:30:00,1.8474237024712608,294.85330180195456
2018-05-30 21:00:00,2.056523123463278,294.85330180195456
2018-05-30 21:30:00,2.2096681439008594,302.9456640610858
2018-05-30 22:00:00,1.712541646381607,267.3819544705721
2018-05-30 22:30:00,1.7341738759189276,248.9705774235836
2018-05-30 23:00:00,1.5281553401743644,244.70349982804942
2018-05-30 23:30:00,1.5704312173375023,227.25598360670267
2018-05-31 00:00:00,1.2201322509120163,191.01452981254718
2018-05-31 07:00:00,1.69541353441114,227.25598360670267
2018-05-31 07:30:00,1.4283976542789876,227.25598360670267
2018-05-31 08:00:00,1.6064498166148433,248.9705774235836
2018-05-31 08:30:00,1.7944329548109559,267.7605044535441
2018-05-31 09:00:00,1.7520668007922366,267.3819544705721
2018-05-31 09:30:00,1.897475871899487,302.9456640610858
2018-05-31 10:00:00,2.25939877826646,302.9456640610858
2018-05-31 10:30:00,2.0107895437835164,294.85330180195456
2018-05-31 11:00:00,2.3680804276639806,319.571526828511
2018-05-31 11:30:00,2.2640535232772185,319.571526828511
2018-05-31 12:00:00,2.04952798655074,307.49005438101426
2018-05-31 12:30:00,2.1432222414698976,307.49005438101426
2018-05-31 13:00:00,2.1942460485977806,319.571526828511
2018-05-31 13:30:00,2.013985894544074,319.571526828511
2018-05-31 14:00:00,2.0651020359466012,319.571526828511
2018-05-31 14:30:00,1.9838344089061728,307.49005438101426
2018-05-31 15:00:00,1.971369822170747,307.49005438101426
2018-05-31 15:30:00,2.136539503478889,307.49005438101426
2018-05-31 16:00:00,2.1479012033409597,320.3010935286765
2018-05-31 16:30:00,2.1575706353159716,320.3010935286765
2018-05-31 17:00:00,2.376666227971855,320.0359892893642
2018-05-31 17:30:00,2.3801564562736424,319.571526828511
2018-05-31 18:00:00,2.3649291895788775,319.571526828511
2018-05-31 18:30:00,2.2172061245277765,319.571526828511
2018-05-31 19:00:00,1.8112914260493762,294.85330180195456
2018-05-31 19:30:00,2.2929928169984453,319.571526828511
2018-05-31 20:00:00,2.018983542436896,294.85330180195456
2018-05-31 20:30:00,1.879117778496859,294.85330180195456
2018-05-31 21:00:00,2.0596776393883154,294.85330180195456
2018-05-31 21:30:00,2.118443140474112,302.9456640610858
2018-05-31 22:00:00,1.7753803268221189,267.3819544705721
2018-05-31 22:30:00,1.680513937818467,267.7605044535441
2018-05-31 23:00:00,1.5633365095119267,248.9705774235836
2018-05-31 23:30:00,1.644493815582204,227.25598360670267
2018-06-01 00:00:00,1.9831038983125897,267.7605044535441
